test_game_browser_observer_collects_runtime_interaction_reset_and_screenshot_evidence (test_aftertouch_media_observers.AftertouchMediaObserverTests.test_game_browser_observer_collects_runtime_interaction_reset_and_screenshot_evidence) ... ok
test_game_without_browser_does_not_promote_file_validation_to_playability (test_aftertouch_media_observers.AftertouchMediaObserverTests.test_game_without_browser_does_not_promote_file_validation_to_playability) ... ok
test_glb_observer_uses_pose_skin_runtime_and_keeps_perceptual_gaps_explicit (test_aftertouch_media_observers.AftertouchMediaObserverTests.test_glb_observer_uses_pose_skin_runtime_and_keeps_perceptual_gaps_explicit) ... ok
test_live_chamber_route_prefers_media_observer_before_generic_fallback (test_aftertouch_media_observers.AftertouchMediaObserverTests.test_live_chamber_route_prefers_media_observer_before_generic_fallback) ... ok
test_non_media_kind_returns_none_for_existing_aftertouch_fallback (test_aftertouch_media_observers.AftertouchMediaObserverTests.test_non_media_kind_returns_none_for_existing_aftertouch_fallback) ... ok
test_caller_preview_image_is_retained_and_bound_for_user_checkpoint (test_aftertouch_preview.AftertouchPreviewTests.test_caller_preview_image_is_retained_and_bound_for_user_checkpoint) ... ok
test_default_policy_keeps_internal_machine_preview_and_ai_off (test_aftertouch_preview.AftertouchPreviewTests.test_default_policy_keeps_internal_machine_preview_and_ai_off) ... ok
test_machine_prepare_exposes_user_selected_preview_policy (test_aftertouch_preview.AftertouchPreviewTests.test_machine_prepare_exposes_user_selected_preview_policy) ... ok
test_user_every_round_blocks_next_advance_until_both_preview_reviews_are_recorded (test_aftertouch_preview.AftertouchPreviewTests.test_user_every_round_blocks_next_advance_until_both_preview_reviews_are_recorded) ... ok
test_compile_rejects_non_exact_selections_and_palette_overrides (test_asset_atoms.AssetAtomTests.test_compile_rejects_non_exact_selections_and_palette_overrides) ... ok
test_compile_selects_exact_lod_state_animation_and_palette_deterministically (test_asset_atoms.AssetAtomTests.test_compile_selects_exact_lod_state_animation_and_palette_deterministically) ... ok
test_live_capability_routes_inspection_compile_and_materialization (test_asset_atoms.AssetAtomTests.test_live_capability_routes_inspection_compile_and_materialization) ... ok
test_materialization_publishes_only_exact_validated_descriptor_files (test_asset_atoms.AssetAtomTests.test_materialization_publishes_only_exact_validated_descriptor_files) ... ok
test_schema_and_installed_package_cover_all_requested_layers (test_asset_atoms.AssetAtomTests.test_schema_and_installed_package_cover_all_requested_layers) ... ok
test_schema_fails_closed_on_reference_kind_cycle_lod_and_field_errors (test_asset_atoms.AssetAtomTests.test_schema_fails_closed_on_reference_kind_cycle_lod_and_field_errors) ... ok
test_cli_and_bridge_are_connected_and_fail_nonzero (test_asset_geometry.StaticGeometryTests.test_cli_and_bridge_are_connected_and_fail_nonzero) ... ok
test_column_major_matrix_and_negative_scale (test_asset_geometry.StaticGeometryTests.test_column_major_matrix_and_negative_scale) ... ok
test_cycles_and_multiple_parent_references_fail (test_asset_geometry.StaticGeometryTests.test_cycles_and_multiple_parent_references_fail) ... ok
test_declared_count_cannot_read_adjacent_buffer_data (test_asset_geometry.StaticGeometryTests.test_declared_count_cannot_read_adjacent_buffer_data) ... ok
test_degenerate_threshold_applies_after_node_scale (test_asset_geometry.StaticGeometryTests.test_degenerate_threshold_applies_after_node_scale) ... ok
test_distinct_indices_collinear_export_has_repair_coordinates (test_asset_geometry.StaticGeometryTests.test_distinct_indices_collinear_export_has_repair_coordinates) ... ok
test_duplicate_marker_names_are_ambiguous (test_asset_geometry.StaticGeometryTests.test_duplicate_marker_names_are_ambiguous) ... ok
test_forge_applies_requested_contract_to_actual_output (test_asset_geometry.StaticGeometryTests.test_forge_applies_requested_contract_to_actual_output) ... ok
test_invalid_contracts_are_rejected_before_reading (test_asset_geometry.StaticGeometryTests.test_invalid_contracts_are_rejected_before_reading) ... ok
test_invalid_index_degenerate_and_nonfinite_positions_fail (test_asset_geometry.StaticGeometryTests.test_invalid_index_degenerate_and_nonfinite_positions_fail) ... ok
test_malformed_container_and_bounded_work (test_asset_geometry.StaticGeometryTests.test_malformed_container_and_bounded_work) ... ok
test_metadata_bounds_cannot_hide_overflow (test_asset_geometry.StaticGeometryTests.test_metadata_bounds_cannot_hide_overflow) ... ok
test_nested_trs_and_marker_world_transform (test_asset_geometry.StaticGeometryTests.test_nested_trs_and_marker_world_transform) ... ok
test_nonindexed_triangle_is_measured (test_asset_geometry.StaticGeometryTests.test_nonindexed_triangle_is_measured) ... ok
test_real_interleaved_positions_and_all_unsigned_indices (test_asset_geometry.StaticGeometryTests.test_real_interleaved_positions_and_all_unsigned_indices) ... ok
test_rendered_instances_count_twice (test_asset_geometry.StaticGeometryTests.test_rendered_instances_count_twice) ... ok
test_spatial_failure_or_stale_hash_blocks_assessment (test_asset_geometry.StaticGeometryTests.test_spatial_failure_or_stale_hash_blocks_assessment) ... ok
test_triangle_crossing_collision_gap_is_unproven (test_asset_geometry.StaticGeometryTests.test_triangle_crossing_collision_gap_is_unproven) ... ok
test_unsupported_inputs_hold_without_partial_pass (test_asset_geometry.StaticGeometryTests.test_unsupported_inputs_hold_without_partial_pass) ... ok
test_wrong_marker_root_floor_and_budget_return_actionable_findings (test_asset_geometry.StaticGeometryTests.test_wrong_marker_root_floor_and_budget_return_actionable_findings) ... ok
test_color_only_variant_is_not_a_new_atom (test_atom_novelty.AtomNoveltyTests.test_color_only_variant_is_not_a_new_atom) ... ok
test_geometry_change_is_a_new_atom (test_atom_novelty.AtomNoveltyTests.test_geometry_change_is_a_new_atom) ... ok
test_material_behavior_change_is_appearance_family_not_shape_spam (test_atom_novelty.AtomNoveltyTests.test_material_behavior_change_is_appearance_family_not_shape_spam) ... ok
test_atlas_tamper_breaks_fresh_verification (test_auto_uv_bake.AutoUvBakeTests.test_atlas_tamper_breaks_fresh_verification) ... ok
test_existing_supplied_uv_route_is_preserved (test_auto_uv_bake.AutoUvBakeTests.test_existing_supplied_uv_route_is_preserved) ... ok
test_failed_auto_bake_preserves_the_failed_draft_without_downstream_render (test_auto_uv_bake.AutoUvBakeTests.test_failed_auto_bake_preserves_the_failed_draft_without_downstream_render) ... ok
test_hard_fold_remains_two_charts_at_default_seam_angle (test_auto_uv_bake.AutoUvBakeTests.test_hard_fold_remains_two_charts_at_default_seam_angle) ... ok
test_mixed_uv_and_uvless_groups_are_rejected_before_writes (test_auto_uv_bake.AutoUvBakeTests.test_mixed_uv_and_uvless_groups_are_rejected_before_writes) ... ok
test_seam_angle_is_bounded_and_receipted (test_auto_uv_bake.AutoUvBakeTests.test_seam_angle_is_bounded_and_receipted) ... ok
test_uvless_static_asset_groups_planar_faces_into_one_real_chart (test_auto_uv_bake.AutoUvBakeTests.test_uvless_static_asset_groups_planar_faces_into_one_real_chart) ... ok
test_blender_pro_helper_is_syntax_valid_and_truth_bounded (test_blender_pro_source.BlenderProSourceTests.test_blender_pro_helper_is_syntax_valid_and_truth_bounded) ... ok
test_atomic_placement_and_integer_economy (test_browser_construction.ConstructionTests.test_atomic_placement_and_integer_economy) ... ok
test_contract_roundtrip_and_invalid_values (test_browser_construction.ConstructionTests.test_contract_roundtrip_and_invalid_values) ... ok
test_generated_outpost_support_and_pause_reset (test_browser_construction.ConstructionTests.test_generated_outpost_support_and_pause_reset) ... ok
test_builds_dependency_free_validated_game_source_and_generated_assets (test_browser_game.BrowserGameTests.test_builds_dependency_free_validated_game_source_and_generated_assets) ... ok
test_invalid_specification_holds_before_replacing_an_existing_creation (test_browser_game.BrowserGameTests.test_invalid_specification_holds_before_replacing_an_existing_creation) ... ok
test_required_inputs_and_optional_types_are_strict (test_browser_game.BrowserGameTests.test_required_inputs_and_optional_types_are_strict) ... ok
test_trial_independently_reverifies_the_complete_game_body (test_browser_game.BrowserGameTests.test_trial_independently_reverifies_the_complete_game_body) ... ok
test_two_builds_have_identical_files_and_compiled_state_graph (test_browser_game.BrowserGameTests.test_two_builds_have_identical_files_and_compiled_state_graph) ... ok
test_generated_input_lifecycle_and_terminal_states (test_browser_game_runtime.BrowserGameRuntimeTests.test_generated_input_lifecycle_and_terminal_states) ... ok
test_closed_plan_validation_and_roundtrip (test_browser_waves.WaveTests.test_closed_plan_validation_and_roundtrip) ... ok
test_roster_runtime_order_scaling_and_source_preservation (test_browser_waves.WaveTests.test_roster_runtime_order_scaling_and_source_preservation) ... ok
test_rosters_validate_and_do_not_alias_caller_data (test_browser_waves.WaveTests.test_rosters_validate_and_do_not_alias_caller_data) ... ok
test_wave_clear_launch_carryover_and_final_outcome (test_browser_waves.WaveTests.test_wave_clear_launch_carryover_and_final_outcome) ... ok
test_adoption_is_direct_and_consumes_internal_candidate (test_candidate_adoption.CandidateAdoptionTests.test_adoption_is_direct_and_consumes_internal_candidate) ... ok
test_adoption_refuses_candidate_changed_after_successful_test (test_candidate_adoption_binding.CandidateAdoptionBindingTests.test_adoption_refuses_candidate_changed_after_successful_test) ... ok
test_adoption_refuses_candidate_removed_after_successful_test (test_candidate_adoption_binding.CandidateAdoptionBindingTests.test_adoption_refuses_candidate_removed_after_successful_test) ... ok
test_adoption_refuses_success_without_source_identity_evidence (test_candidate_adoption_binding.CandidateAdoptionBindingTests.test_adoption_refuses_success_without_source_identity_evidence) ... ok
test_candidate_test_receipts_bind_exact_source_bytes (test_candidate_adoption_binding.CandidateAdoptionBindingTests.test_candidate_test_receipts_bind_exact_source_bytes) ... ok
test_unchanged_candidate_installs_exact_tested_manifest (test_candidate_adoption_binding.CandidateAdoptionBindingTests.test_unchanged_candidate_installs_exact_tested_manifest) ... ok
test_retry_keeps_conflicting_live_manifest_and_candidate_untouched (test_candidate_adoption_resume.CandidateAdoptionResumeTests.test_retry_keeps_conflicting_live_manifest_and_candidate_untouched) ... ok
test_retry_reconstructs_completion_from_exact_live_manifest (test_candidate_adoption_resume.CandidateAdoptionResumeTests.test_retry_reconstructs_completion_from_exact_live_manifest) ... ok
test_only_one_process_may_cross_candidate_adoption_publication_boundary (test_candidate_adoption_single_writer.CandidateAdoptionSingleWriterTests.test_only_one_process_may_cross_candidate_adoption_publication_boundary) ... ok
test_failed_candidate_test_preserves_foreign_workspace (test_candidate_workspace_isolation.CandidateWorkspaceIsolationTests.test_failed_candidate_test_preserves_foreign_workspace) ... ok
test_successful_candidate_test_preserves_foreign_workspace (test_candidate_workspace_isolation.CandidateWorkspaceIsolationTests.test_successful_candidate_test_preserves_foreign_workspace) ... ok
test_calibration_history_is_explicit_context_evidence_and_duplicate_safe (test_chameleon_fabric.ChameleonFabricTests.test_calibration_history_is_explicit_context_evidence_and_duplicate_safe) ... ok
test_compatible_shape_morph_interpolates_geometry_color_and_material (test_chameleon_fabric.ChameleonFabricTests.test_compatible_shape_morph_interpolates_geometry_color_and_material) ... ok
test_environment_sensor_fusion_drives_continuous_state (test_chameleon_fabric.ChameleonFabricTests.test_environment_sensor_fusion_drives_continuous_state) ... ok
test_incompatible_geometry_crossfades_instead_of_claiming_deformation (test_chameleon_fabric.ChameleonFabricTests.test_incompatible_geometry_crossfades_instead_of_claiming_deformation) ... ok
test_machine_routes_chameleon_fabric (test_chameleon_fabric.ChameleonFabricTests.test_machine_routes_chameleon_fabric) ... ok
test_missing_sensor_reading_holds_instead_of_inventing_environment (test_chameleon_fabric.ChameleonFabricTests.test_missing_sensor_reading_holds_instead_of_inventing_environment) ... ok
test_reality_feedback_reopens_simulation_on_measured_numeric_discrepancy (test_chameleon_fabric.ChameleonFabricTests.test_reality_feedback_reopens_simulation_on_measured_numeric_discrepancy) ... ok
test_reality_feedback_within_tolerance_does_not_reopen (test_chameleon_fabric.ChameleonFabricTests.test_reality_feedback_within_tolerance_does_not_reopen) ... ok
test_rich_material_applies_to_paintgun_thought_and_stays_simulatable (test_chameleon_fabric.ChameleonFabricTests.test_rich_material_applies_to_paintgun_thought_and_stays_simulatable) ... ok
test_rich_material_graph_retains_unrendered_truth_and_bounded_approximation (test_chameleon_fabric.ChameleonFabricTests.test_rich_material_graph_retains_unrendered_truth_and_bounded_approximation) ... ok
test_vector_cell_states_morph_without_losing_fabric_lineage (test_chameleon_fabric.ChameleonFabricTests.test_vector_cell_states_morph_without_losing_fabric_lineage) ... ok
test_live_probe_keeps_recipe_and_observed_poses (test_character_controller.CharacterControllerTests.test_live_probe_keeps_recipe_and_observed_poses) ... ok
test_override_validation_and_missing_contact_evidence (test_character_controller.CharacterControllerTests.test_override_validation_and_missing_contact_evidence) ... ok
test_root_travel_crosses_cycles_and_query_order_does_not_change_state (test_character_controller.CharacterControllerTests.test_root_travel_crosses_cycles_and_query_order_does_not_change_state) ... ok
test_sparse_baked_keys_drift_but_query_time_solve_preserves_contact (test_character_controller.CharacterControllerTests.test_sparse_baked_keys_drift_but_query_time_solve_preserves_contact) ... ok
test_unreachable_between_key_motion_is_refused_when_queried (test_character_controller.CharacterControllerTests.test_unreachable_between_key_motion_is_refused_when_queried) ... ok
test_explicit_assets_and_headers (test_character_inspector.CharacterInspectorTests.test_explicit_assets_and_headers) ... 127.0.0.1 - - [25/Sep/2026 22:16:51] "GET /AXM_OOPS_LOD2.glb HTTP/1.1" 200 -
127.0.0.1 - - [25/Sep/2026 22:16:51] "GET / HTTP/1.1" 200 -
127.0.0.1 - - [25/Sep/2026 22:16:51] "GET /inspection_controls.js HTTP/1.1" 200 -
ok
test_incomplete_model_is_rejected_before_serving (test_character_inspector.CharacterInspectorTests.test_incomplete_model_is_rejected_before_serving) ... ok
test_no_directory_listing_or_arbitrary_files (test_character_inspector.CharacterInspectorTests.test_no_directory_listing_or_arbitrary_files) ... 127.0.0.1 - - [25/Sep/2026 22:16:52] code 404, message Not Found
127.0.0.1 - - [25/Sep/2026 22:16:52] "GET /private.txt HTTP/1.1" 404 -
127.0.0.1 - - [25/Sep/2026 22:16:52] code 404, message Not Found
127.0.0.1 - - [25/Sep/2026 22:16:52] "GET /../private.txt HTTP/1.1" 404 -
127.0.0.1 - - [25/Sep/2026 22:16:52] code 404, message Not Found
127.0.0.1 - - [25/Sep/2026 22:16:52] "GET /%2e%2e/private.txt HTTP/1.1" 404 -
127.0.0.1 - - [25/Sep/2026 22:16:52] code 404, message Not Found
127.0.0.1 - - [25/Sep/2026 22:16:52] "GET /textures/ HTTP/1.1" 404 -
127.0.0.1 - - [25/Sep/2026 22:16:52] code 404, message Not Found
127.0.0.1 - - [25/Sep/2026 22:16:52] "GET /AGENTS.md HTTP/1.1" 404 -
127.0.0.1 - - [25/Sep/2026 22:16:52] code 404, message Not Found
127.0.0.1 - - [25/Sep/2026 22:16:52] "GET /inspection_controls.test.mjs HTTP/1.1" 404 -
ok
test_axis_blend_deforms_fractionally (test_character_motion.MotionTests.test_axis_blend_deforms_fractionally) ... ok
test_explicit_mixed_weights (test_character_motion.MotionTests.test_explicit_mixed_weights) ... ok
test_invalid_motion_is_refused (test_character_motion.MotionTests.test_invalid_motion_is_refused) ... ok
test_live_route_retains_and_replays_source (test_character_motion.MotionTests.test_live_route_retains_and_replays_source) ... ok
test_rest_pose_and_rotation_against_analytic_positions (test_character_motion.MotionTests.test_rest_pose_and_rotation_against_analytic_positions) ... ok
test_reuse_across_shape_changes_is_deterministic (test_character_motion.MotionTests.test_reuse_across_shape_changes_is_deterministic) ... ok
test_sidecar_failure_restores_both_prior_files (test_character_motion.MotionTests.test_sidecar_failure_restores_both_prior_files) ... ok
test_static_route_unchanged (test_character_motion.MotionTests.test_static_route_unchanged) ... ok
test_step_and_parent_translation (test_character_motion.MotionTests.test_step_and_parent_translation) ... ok
test_invalid_or_unsupported_performance_is_refused (test_character_performance.CharacterPerformanceTests.test_invalid_or_unsupported_performance_is_refused) ... ok
test_live_route_retains_fitting_causes_and_exact_replay (test_character_performance.CharacterPerformanceTests.test_live_route_retains_fitting_causes_and_exact_replay) ... ok
test_nonplanar_solver_preserves_lengths_and_reconstructs_endpoint (test_character_performance.CharacterPerformanceTests.test_nonplanar_solver_preserves_lengths_and_reconstructs_endpoint) ... ok
test_reach_target_stays_in_world_space_when_root_moves (test_character_performance.CharacterPerformanceTests.test_reach_target_stays_in_world_space_when_root_moves) ... ok
test_same_template_refits_different_proportions_and_replays (test_character_performance.CharacterPerformanceTests.test_same_template_refits_different_proportions_and_replays) ... ok
test_walk_support_vertices_stay_planted_and_swing_clears_ground (test_character_performance.CharacterPerformanceTests.test_walk_support_vertices_stay_planted_and_swing_clears_ground) ... ok
test_catalog_compiler_and_repeatable_candidate (test_code_creation.CodeCreationTests.test_catalog_compiler_and_repeatable_candidate) ... ok
test_cli_reports_held_request_as_nonzero (test_code_creation.CodeCreationTests.test_cli_reports_held_request_as_nonzero) ... ok
test_conflicts_missing_cases_and_arbitrary_source_are_held (test_code_creation.CodeCreationTests.test_conflicts_missing_cases_and_arbitrary_source_are_held) ... ok
test_custom_multifunction_program_executes_on_both_runtimes (test_code_creation.CodeCreationTests.test_custom_multifunction_program_executes_on_both_runtimes) ... ok
test_failed_expectation_writes_no_project_or_archive (test_code_creation.CodeCreationTests.test_failed_expectation_writes_no_project_or_archive) ... ok
test_machine_body_and_replacement_flags_remain_protected (test_code_creation.CodeCreationTests.test_machine_body_and_replacement_flags_remain_protected) ... ok
test_malformed_and_large_request_are_rejected_before_subprocess (test_code_creation.CodeCreationTests.test_malformed_and_large_request_are_rejected_before_subprocess) ... ok
test_project_route_writes_standalone_modules_and_construction (test_code_creation.CodeCreationTests.test_project_route_writes_standalone_modules_and_construction) ... ok
test_relocated_bundle_has_no_donor_checkout_dependency (test_code_creation.CodeCreationTests.test_relocated_bundle_has_no_donor_checkout_dependency) ... ok
test_restore_then_compose_new_capability_and_retain (test_code_creation.CodeCreationTests.test_restore_then_compose_new_capability_and_retain) ... ok
test_atlas_build_retains_retrievable_construction_and_reverifies_reuse (test_code_system.CodeSystemTests.test_atlas_build_retains_retrievable_construction_and_reverifies_reuse) ... ok
test_changed_archives_are_refused (test_code_system.CodeSystemTests.test_changed_archives_are_refused) ... ok
test_cli_returns_nonzero_for_held_system (test_code_system.CodeSystemTests.test_cli_returns_nonzero_for_held_system) ... ok
test_declaration_order_does_not_change_generated_system (test_code_system.CodeSystemTests.test_declaration_order_does_not_change_generated_system) ... ok
test_discovery_station_refuses_generation_only_before_writing (test_code_system.CodeSystemTests.test_discovery_station_refuses_generation_only_before_writing) ... ok
test_exhausted_budget_and_unobserved_transitions_cannot_pass (test_code_system.CodeSystemTests.test_exhausted_budget_and_unobserved_transitions_cannot_pass) ... ok
test_exploration_finds_shortest_sequence_bug_that_function_cases_and_scenarios_miss (test_code_system.CodeSystemTests.test_exploration_finds_shortest_sequence_bug_that_function_cases_and_scenarios_miss) ... ok
test_function_and_project_renames_do_not_create_new_behavior_atoms (test_code_system.CodeSystemTests.test_function_and_project_renames_do_not_create_new_behavior_atoms) ... ok
test_generated_verifier_exits_nonzero_and_source_edits_are_detected (test_code_system.CodeSystemTests.test_generated_verifier_exits_nonzero_and_source_edits_are_detected) ... ok
test_malformed_composition_is_held_before_compiler_or_observer_invocation (test_code_system.CodeSystemTests.test_malformed_composition_is_held_before_compiler_or_observer_invocation) ... ok
test_portable_checkpoint_crosses_languages_and_refuses_changed_state_or_system (test_code_system.CodeSystemTests.test_portable_checkpoint_crosses_languages_and_refuses_changed_state_or_system) ... ok
test_project_protections_precede_execution_and_failed_cases_publish_nothing (test_code_system.CodeSystemTests.test_project_protections_precede_execution_and_failed_cases_publish_nothing) ... ok
test_python_only_emission_still_observes_real_session_twice (test_code_system.CodeSystemTests.test_python_only_emission_still_observes_real_session_twice) ... ok
test_real_software_and_game_have_observed_scenarios_and_complete_declared_exploration (test_code_system.CodeSystemTests.test_real_software_and_game_have_observed_scenarios_and_complete_declared_exploration) ... ok
test_restored_parts_form_a_new_workflow_without_losing_original (test_code_system.CodeSystemTests.test_restored_parts_form_a_new_workflow_without_losing_original) ... ok
test_retention_is_idempotent_and_restore_requires_fresh_verification (test_code_system.CodeSystemTests.test_retention_is_idempotent_and_restore_requires_fresh_verification) ... ok
test_two_python_products_can_load_in_one_host_without_module_cache_collision (test_code_system.CodeSystemTests.test_two_python_products_can_load_in_one_host_without_module_cache_collision) ... ok
test_type_error_and_raw_code_never_reach_stateful_executor (test_code_system.CodeSystemTests.test_type_error_and_raw_code_never_reach_stateful_executor) ... ok
test_unicode_effects_survive_a_non_utf8_python_terminal (test_code_system.CodeSystemTests.test_unicode_effects_survive_a_non_utf8_python_terminal) ... ok
test_workflow_discovery_executes_confirms_retains_and_rechecks_stateful_code (test_code_system.CodeSystemTests.test_workflow_discovery_executes_confirms_retains_and_rechecks_stateful_code) ... ok
test_wrong_scenario_oracle_holds_even_when_grammar_cases_pass (test_code_system.CodeSystemTests.test_wrong_scenario_oracle_holds_even_when_grammar_cases_pass) ... ok
test_composite_cycle_is_rejected (test_composite_and_executable.CompositeAndExecutableTests.test_composite_cycle_is_rejected) ... ok
test_executable_anatomy_counts_only_explicit_implementation_bindings (test_composite_and_executable.CompositeAndExecutableTests.test_executable_anatomy_counts_only_explicit_implementation_bindings) ... ok
test_file_receipt_digest_projection_is_closed_and_deterministic (test_composite_and_executable.CompositeAndExecutableTests.test_file_receipt_digest_projection_is_closed_and_deterministic) ... ok
test_planner_surfaces_explicit_live_anatomy_bindings (test_composite_and_executable.CompositeAndExecutableTests.test_planner_surfaces_explicit_live_anatomy_bindings) ... ok
test_promoted_composite_routes_as_live_capability_without_new_source_function (test_composite_and_executable.CompositeAndExecutableTests.test_promoted_composite_routes_as_live_capability_without_new_source_function) ... ok
test_verified_composite_keeps_failed_creation_out_of_target (test_composite_and_executable.CompositeAndExecutableTests.test_verified_composite_keeps_failed_creation_out_of_target) ... ok
test_budget_and_exhaustion_never_promote_a_failed_candidate (test_construction_search.ConstructionSearchTests.test_budget_and_exhaustion_never_promote_a_failed_candidate) ... ok
test_cosmetic_variants_deduplicate_without_hiding_invalid_construction (test_construction_search.ConstructionSearchTests.test_cosmetic_variants_deduplicate_without_hiding_invalid_construction) ... ok
test_dense_verification_can_refuse_a_coarse_success (test_construction_search.ConstructionSearchTests.test_dense_verification_can_refuse_a_coarse_success) ... ok
test_live_route_publishes_verified_source_and_existing_outputs_survive (test_construction_search.ConstructionSearchTests.test_live_route_publishes_verified_source_and_existing_outputs_survive) ... ok
test_retained_settings_accelerate_reuse_but_are_rechecked_for_new_intent (test_construction_search.ConstructionSearchTests.test_retained_settings_accelerate_reuse_but_are_rechecked_for_new_intent) ... ok
test_search_can_repair_a_measured_skin_distortion (test_construction_search.ConstructionSearchTests.test_search_can_repair_a_measured_skin_distortion) ... ok
test_shape_and_motion_search_is_repeatable_and_meets_declared_checks (test_construction_search.ConstructionSearchTests.test_shape_and_motion_search_is_repeatable_and_meets_declared_checks) ... ok
test_unmeasurable_or_conflicting_search_contracts_are_rejected (test_construction_search.ConstructionSearchTests.test_unmeasurable_or_conflicting_search_contracts_are_rejected) ... ok
test_actual_search_retention_warm_reuse_and_changed_goals_remeasure (test_creation_atlas.CreationAtlasTests.test_actual_search_retention_warm_reuse_and_changed_goals_remeasure) ... ok
test_categories_and_blueprints_extend_as_data (test_creation_atlas.CreationAtlasTests.test_categories_and_blueprints_extend_as_data) ... ok
test_dependency_cycles_forward_bindings_and_missing_evidence_reject (test_creation_atlas.CreationAtlasTests.test_dependency_cycles_forward_bindings_and_missing_evidence_reject) ... ok
test_index_joins_real_sources_without_promoting_descriptors (test_creation_atlas.CreationAtlasTests.test_index_joins_real_sources_without_promoting_descriptors) ... ok
test_material_pipeline_decodes_output_and_stops_on_failed_policy (test_creation_atlas.CreationAtlasTests.test_material_pipeline_decodes_output_and_stops_on_failed_policy) ... ok
test_missing_sources_inputs_metrics_and_capabilities_hold_before_creation (test_creation_atlas.CreationAtlasTests.test_missing_sources_inputs_metrics_and_capabilities_hold_before_creation) ... ok
test_newly_installed_compiler_composes_through_blueprint_data (test_creation_atlas.CreationAtlasTests.test_newly_installed_compiler_composes_through_blueprint_data) ... ok
test_organ_goal_resolves_actual_libraries_then_checks_project (test_creation_atlas.CreationAtlasTests.test_organ_goal_resolves_actual_libraries_then_checks_project) ... ok
test_paths_existing_outputs_and_modified_memory_preserve_state (test_creation_atlas.CreationAtlasTests.test_paths_existing_outputs_and_modified_memory_preserve_state) ... ok
test_plan_binds_exact_goals_and_does_not_write (test_creation_atlas.CreationAtlasTests.test_plan_binds_exact_goals_and_does_not_write) ... ok
test_stale_plan_detects_changed_source_and_experience (test_creation_atlas.CreationAtlasTests.test_stale_plan_detects_changed_source_and_experience) ... ok
test_creations_directory_remains_an_allowed_repo_local_output_surface (test_creation_boundaries.CreationBoundaryTests.test_creations_directory_remains_an_allowed_repo_local_output_surface) ... ok
test_normal_creation_cannot_replace_a_directory_that_contains_the_machine (test_creation_boundaries.CreationBoundaryTests.test_normal_creation_cannot_replace_a_directory_that_contains_the_machine) ... ok
test_output_outside_repo_is_still_allowed (test_creation_boundaries.CreationBoundaryTests.test_output_outside_repo_is_still_allowed) ... ok
test_root_machine_file_cannot_be_overwritten_by_normal_creation (test_creation_boundaries.CreationBoundaryTests.test_root_machine_file_cannot_be_overwritten_by_normal_creation) ... ok
test_all_first_class_kinds_materialize_and_receive_honest_tests (test_creation_forge.CreationForgeTests.test_all_first_class_kinds_materialize_and_receive_honest_tests) ... ok
test_capability_test_refuses_json_result_comparison_outside_test_space (test_creation_forge.CreationForgeTests.test_capability_test_refuses_json_result_comparison_outside_test_space) ... ok
test_capability_test_refuses_output_paths_outside_disposable_test_space (test_creation_forge.CreationForgeTests.test_capability_test_refuses_output_paths_outside_disposable_test_space) ... ok
test_extension_kind_is_open_but_reports_generic_evidence_only (test_creation_forge.CreationForgeTests.test_extension_kind_is_open_but_reports_generic_evidence_only) ... ok
test_machine_inspection_exposes_potential_instead_of_inflated_live_count (test_creation_forge.CreationForgeTests.test_machine_inspection_exposes_potential_instead_of_inflated_live_count) ... ok
test_mutation_is_detected_and_blocks_admission_readiness (test_creation_forge.CreationForgeTests.test_mutation_is_detected_and_blocks_admission_readiness) ... ok
test_passing_capability_may_request_review_without_becoming_live (test_creation_forge.CreationForgeTests.test_passing_capability_may_request_review_without_becoming_live) ... ok
test_same_proposal_rebuilds_to_same_path_independent_package_digest (test_creation_forge.CreationForgeTests.test_same_proposal_rebuilds_to_same_path_independent_package_digest) ... ok
test_self_granted_authority_and_hidden_fields_are_rejected_before_output (test_creation_forge.CreationForgeTests.test_self_granted_authority_and_hidden_fields_are_rejected_before_output) ... ok
test_v02_organ_candidate_executes_declared_fixtures_as_stronger_bounded_evidence (test_creation_forge.CreationForgeTests.test_v02_organ_candidate_executes_declared_fixtures_as_stronger_bounded_evidence) ... ok
test_analyze_links_exact_creation_gap_without_selecting_source (test_creation_growth.CreationGrowthTests.test_analyze_links_exact_creation_gap_without_selecting_source) ... ok
test_materialized_candidate_closes_full_ephemeral_creation_without_installing (test_creation_growth.CreationGrowthTests.test_materialized_candidate_closes_full_ephemeral_creation_without_installing) ... ok
test_non_gap_and_wrong_interface_hold_without_writing (test_creation_growth.CreationGrowthTests.test_non_gap_and_wrong_interface_hold_without_writing) ... ok
test_prepare_compiles_explicit_anatomy_package_and_exact_interface (test_creation_growth.CreationGrowthTests.test_prepare_compiles_explicit_anatomy_package_and_exact_interface) ... ok
test_adaptive_quality_plans_and_executes_through_same_machine_route (test_creative_flow.CreativeFlowMachineTests.test_adaptive_quality_plans_and_executes_through_same_machine_route) ... ok
test_failed_step_does_not_publish_final_candidate_state (test_creative_flow.CreativeFlowMachineTests.test_failed_step_does_not_publish_final_candidate_state) ... ok
test_live_capability_routes_multi_hand_flow (test_creative_flow.CreativeFlowMachineTests.test_live_capability_routes_multi_hand_flow) ... ok
test_maximum_quality_holds_or_explicitly_degrades_instead_of_overclaiming (test_creative_flow.CreativeFlowMachineTests.test_maximum_quality_holds_or_explicitly_degrades_instead_of_overclaiming) ... ok
test_prose_goal_discovers_but_does_not_self_authorize_plan (test_creative_flow.CreativeFlowMachineTests.test_prose_goal_discovers_but_does_not_self_authorize_plan) ... ok
test_budgets_and_closed_summary_do_not_reset_on_resume (test_creative_practice.PracticeTests.test_budgets_and_closed_summary_do_not_reset_on_resume) ... ok
test_cli_dispatch_uses_same_state (test_creative_practice.PracticeTests.test_cli_dispatch_uses_same_state) ... ok
test_concurrent_writers_commit_only_one_matching_attempt (test_creative_practice.PracticeTests.test_concurrent_writers_commit_only_one_matching_attempt) ... ok
test_context_feedback_snapshot_and_paginated_resume_inventory (test_creative_practice.PracticeTests.test_context_feedback_snapshot_and_paginated_resume_inventory) ... ok
test_corruption_and_wrong_database_fail_closed (test_creative_practice.PracticeTests.test_corruption_and_wrong_database_fail_closed) ... ok
test_database_full_rolls_back_without_losing_old_evidence (test_creative_practice.PracticeTests.test_database_full_rolls_back_without_losing_old_evidence) ... ok
test_failed_proposal_is_evidence_not_state_or_improvement (test_creative_practice.PracticeTests.test_failed_proposal_is_evidence_not_state_or_improvement) ... ok
test_hard_process_exit_rolls_back_in_progress_work (test_creative_practice.PracticeTests.test_hard_process_exit_rolls_back_in_progress_work) ... ok
test_identical_feedback_retries_add_no_votes_or_events (test_creative_practice.PracticeTests.test_identical_feedback_retries_add_no_votes_or_events) ... ok
test_idle_pause_resume_and_checkpoint_are_bounded (test_creative_practice.PracticeTests.test_idle_pause_resume_and_checkpoint_are_bounded) ... ok
test_noop_pixels_are_recorded_as_no_effect (test_creative_practice.PracticeTests.test_noop_pixels_are_recorded_as_no_effect) ... ok
test_profile_fork_snapshots_feedback_and_keeps_future_learning_separate (test_creative_practice.PracticeTests.test_profile_fork_snapshots_feedback_and_keeps_future_learning_separate) ... ok
test_real_creation_keep_export_and_source_preservation (test_creative_practice.PracticeTests.test_real_creation_keep_export_and_source_preservation) ... ok
test_remembered_attempt_changes_next_session_selection (test_creative_practice.PracticeTests.test_remembered_attempt_changes_next_session_selection) ... ok
test_repertoire_exhausts_without_endless_ticks_and_inputs_are_checked (test_creative_practice.PracticeTests.test_repertoire_exhausts_without_endless_ticks_and_inputs_are_checked) ... ok
test_repetition_is_idempotent_unless_explicit_and_never_votes (test_creative_practice.PracticeTests.test_repetition_is_idempotent_unless_explicit_and_never_votes) ... ok
test_restart_resumes_latest_committed_trial_not_only_periodic_checkpoint (test_creative_practice.PracticeTests.test_restart_resumes_latest_committed_trial_not_only_periodic_checkpoint) ... ok
test_source_bytes_survive_original_file_loss_and_database_backup (test_creative_practice.PracticeTests.test_source_bytes_survive_original_file_loss_and_database_backup) ... ok
test_stale_review_cannot_overwrite_accepted_work_and_dissent_is_retained (test_creative_practice.PracticeTests.test_stale_review_cannot_overwrite_accepted_work_and_dissent_is_retained) ... ok
test_write_failure_rolls_back_trial_blob_memory_and_checkpoint (test_creative_practice.PracticeTests.test_write_failure_rolls_back_trial_blob_memory_and_checkpoint) ... ok
test_adaptive_quality_resolver_and_scheduler (test_creative_precision_fabric.CreativePrecisionFabricTests.test_adaptive_quality_resolver_and_scheduler) ... ok
test_advanced_executable_creative_hand_wave (test_creative_precision_fabric.CreativePrecisionFabricTests.test_advanced_executable_creative_hand_wave) ... ok
test_compositing_geometry_procedural_audio_timeline_wave (test_creative_precision_fabric.CreativePrecisionFabricTests.test_compositing_geometry_procedural_audio_timeline_wave) ... ok
test_creative_flow_spine (test_creative_precision_fabric.CreativePrecisionFabricTests.test_creative_flow_spine) ... ok
test_creative_recipe_composition (test_creative_precision_fabric.CreativePrecisionFabricTests.test_creative_recipe_composition) ... ok
test_cross_domain_finishing_fail_closed_contracts (test_creative_precision_fabric.CreativePrecisionFabricTests.test_cross_domain_finishing_fail_closed_contracts) ... ok
test_cross_domain_finishing_wave (test_creative_precision_fabric.CreativePrecisionFabricTests.test_cross_domain_finishing_wave) ... ok
test_executable_creative_hand_wave (test_creative_precision_fabric.CreativePrecisionFabricTests.test_executable_creative_hand_wave) ... ok
test_explicit_mesh_edge_contract (test_creative_precision_fabric.CreativePrecisionFabricTests.test_explicit_mesh_edge_contract) ... ok
test_face_edge_vertex_mesh_edit_wave (test_creative_precision_fabric.CreativePrecisionFabricTests.test_face_edge_vertex_mesh_edit_wave) ... ok
test_mask_brush_and_effect_foundations (test_creative_precision_fabric.CreativePrecisionFabricTests.test_mask_brush_and_effect_foundations) ... ok
test_pixel_selection_and_transform_foundations (test_creative_precision_fabric.CreativePrecisionFabricTests.test_pixel_selection_and_transform_foundations) ... ok
test_precision_mesh_hand_wave (test_creative_precision_fabric.CreativePrecisionFabricTests.test_precision_mesh_hand_wave) ... ok
test_precision_modeling_wave (test_creative_precision_fabric.CreativePrecisionFabricTests.test_precision_modeling_wave) ... ok
test_quality_level_creation_gauntlet (test_creative_precision_fabric.CreativePrecisionFabricTests.test_quality_level_creation_gauntlet) ... ok
test_rigging_animation_fail_closed_contracts (test_creative_precision_fabric.CreativePrecisionFabricTests.test_rigging_animation_fail_closed_contracts) ... ok
test_rigging_animation_wave (test_creative_precision_fabric.CreativePrecisionFabricTests.test_rigging_animation_wave) ... ok
test_sculpt_uv_topology_modifier_wave (test_creative_precision_fabric.CreativePrecisionFabricTests.test_sculpt_uv_topology_modifier_wave) ... ok
test_uv_material_texture_fail_closed_contracts (test_creative_precision_fabric.CreativePrecisionFabricTests.test_uv_material_texture_fail_closed_contracts) ... ok
test_uv_material_texture_production_wave (test_creative_precision_fabric.CreativePrecisionFabricTests.test_uv_material_texture_production_wave) ... ok
test_all_layer_edit_verbs_operate_on_a_copy (test_creative_tasks.CreativeTaskTests.test_all_layer_edit_verbs_operate_on_a_copy) ... ok
test_dependency_library_rejects_missing_tampered_and_extra_definitions_atomically (test_creative_tasks.CreativeTaskTests.test_dependency_library_rejects_missing_tampered_and_extra_definitions_atomically) ... ok
test_material_and_effect_preserve_original_mechanisms_and_topology (test_creative_tasks.CreativeTaskTests.test_material_and_effect_preserve_original_mechanisms_and_topology) ... ok
test_single_creation_controls_compile_and_execute_same_serial_parallel (test_creative_tasks.CreativeTaskTests.test_single_creation_controls_compile_and_execute_same_serial_parallel) ... ok
test_typed_inputs_reject_paths_wrong_media_and_undeclared_dependencies (test_creative_tasks.CreativeTaskTests.test_typed_inputs_reject_paths_wrong_media_and_undeclared_dependencies) ... ok
test_identifier_request_surfaces_explicit_atom_with_evidence (test_decomposition.CreationDecompositionTests.test_identifier_request_surfaces_explicit_atom_with_evidence) ... ok
test_json_file_reports_exact_live_capability_coverage (test_decomposition.CreationDecompositionTests.test_json_file_reports_exact_live_capability_coverage) ... ok
test_mesh_request_uses_existing_component_and_organ_anatomy (test_decomposition.CreationDecompositionTests.test_mesh_request_uses_existing_component_and_organ_anatomy) ... ok
test_unroutable_creation_gap_embeds_registry_decomposition (test_decomposition.CreationDecompositionTests.test_unroutable_creation_gap_embeds_registry_decomposition) ... ok
test_browser_artifacts_do_not_fake_visual_pass_without_measurements_or_assessments (test_design_browser.DesignBrowserTests.test_browser_artifacts_do_not_fake_visual_pass_without_measurements_or_assessments) ... ok
test_capture_materializes_real_artifact_bytes_and_exact_receipts (test_design_browser.DesignBrowserTests.test_capture_materializes_real_artifact_bytes_and_exact_receipts) ... ok
test_live_machine_routes_capture_through_design_fabric (test_design_browser.DesignBrowserTests.test_live_machine_routes_capture_through_design_fabric) ... ok
test_url_machine_body_existing_output_and_missing_browser_fail_closed (test_design_browser.DesignBrowserTests.test_url_machine_body_existing_output_and_missing_browser_fail_closed) ... ok
test_accessibility_tree_summary_keeps_conformance_separate (test_design_cdp.DesignCdpTests.test_accessibility_tree_summary_keeps_conformance_separate) ... ok
test_fake_cdp_browser_materializes_real_semantic_artifacts_and_tab_evidence (test_design_cdp.DesignCdpTests.test_fake_cdp_browser_materializes_real_semantic_artifacts_and_tab_evidence) ... ok
test_live_machine_routes_cdp_observer_and_fail_closed_boundaries (test_design_cdp.DesignCdpTests.test_live_machine_routes_cdp_observer_and_fail_closed_boundaries) ... ok
test_digest_drift_and_dimension_mismatch_fail_or_hold_closed (test_design_compare.DesignCompareTests.test_digest_drift_and_dimension_mismatch_fail_or_hold_closed) ... ok
test_exact_before_after_change_is_measured_without_quality_claim (test_design_compare.DesignCompareTests.test_exact_before_after_change_is_measured_without_quality_claim) ... ok
test_identical_images_replay_to_zero_change (test_design_compare.DesignCompareTests.test_identical_images_replay_to_zero_change) ... ok
test_live_machine_routes_render_comparison_through_design_fabric (test_design_compare.DesignCompareTests.test_live_machine_routes_render_comparison_through_design_fabric) ... ok
test_continuity_mismatch_and_unpublished_repair_fail_closed (test_design_cycle.DesignCycleTests.test_continuity_mismatch_and_unpublished_repair_fail_closed) ... ok
test_cycle_binds_exact_evidence_without_turning_gate_progress_into_quality_claim (test_design_cycle.DesignCycleTests.test_cycle_binds_exact_evidence_without_turning_gate_progress_into_quality_claim) ... ok
test_live_machine_routes_cycle_receipt_through_design_fabric (test_design_cycle.DesignCycleTests.test_live_machine_routes_cycle_receipt_through_design_fabric) ... ok
test_conflicting_claims_are_retained_and_omitted_from_projection (test_design_evidence_bundle.DesignEvidenceBundleTests.test_conflicting_claims_are_retained_and_omitted_from_projection) ... ok
test_digest_drift_wrong_plan_duplicate_and_viewport_mismatch_fail_closed (test_design_evidence_bundle.DesignEvidenceBundleTests.test_digest_drift_wrong_plan_duplicate_and_viewport_mismatch_fail_closed) ... ok
test_live_machine_routes_bundle_and_consensus_projection_through_design_fabric (test_design_evidence_bundle.DesignEvidenceBundleTests.test_live_machine_routes_bundle_and_consensus_projection_through_design_fabric) ... ok
test_projection_is_itself_digest_bound_and_can_reenter_bundle_flow (test_design_evidence_bundle.DesignEvidenceBundleTests.test_projection_is_itself_digest_bound_and_can_reenter_bundle_flow) ... ok
test_same_viewport_sources_are_joined_without_losing_provenance (test_design_evidence_bundle.DesignEvidenceBundleTests.test_same_viewport_sources_are_joined_without_losing_provenance) ... ok
test_complete_explicit_genome_can_compose_and_pass_structural_design_gates (test_design_fabric.DesignFabricTests.test_complete_explicit_genome_can_compose_and_pass_structural_design_gates) ... ok
test_derived_genome_is_deterministic_and_separates_reference_signal_from_axm_policy (test_design_fabric.DesignFabricTests.test_derived_genome_is_deterministic_and_separates_reference_signal_from_axm_policy) ... ok
test_genome_validation_fails_closed_on_unknown_fields_and_bad_references (test_design_fabric.DesignFabricTests.test_genome_validation_fails_closed_on_unknown_fields_and_bad_references) ... ok
test_live_machine_routes_design_fabric_and_materialization_respects_machine_boundary (test_design_fabric.DesignFabricTests.test_live_machine_routes_design_fabric_and_materialization_respects_machine_boundary) ... ok
test_missing_visual_evidence_holds_instead_of_becoming_fake_quality (test_design_fabric.DesignFabricTests.test_missing_visual_evidence_holds_instead_of_becoming_fake_quality) ... ok
test_reference_lens_observes_source_signals_without_claiming_visual_semantics (test_design_fabric.DesignFabricTests.test_reference_lens_observes_source_signals_without_claiming_visual_semantics) ... ok
test_cdp_geometry_materializes_screenshot_and_computed_geometry_without_quality_claim (test_design_geometry.DesignGeometryTests.test_cdp_geometry_materializes_screenshot_and_computed_geometry_without_quality_claim) ... ok
test_geometry_normalization_keeps_overlap_and_clipping_as_facts (test_design_geometry.DesignGeometryTests.test_geometry_normalization_keeps_overlap_and_clipping_as_facts) ... ok
test_live_machine_routes_geometry_and_url_target_fails_closed (test_design_geometry.DesignGeometryTests.test_live_machine_routes_geometry_and_url_target_fails_closed) ... ok
test_browser_capture_feeds_explicit_interaction_gate_without_perceptual_claim (test_design_interaction.DesignInteractionTests.test_browser_capture_feeds_explicit_interaction_gate_without_perceptual_claim) ... ok
test_instrumentation_and_probe_parser_preserve_truth_boundary (test_design_interaction.DesignInteractionTests.test_instrumentation_and_probe_parser_preserve_truth_boundary) ... ok
test_recipe_contract_requires_explicit_activation_authority (test_design_interaction.DesignInteractionTests.test_recipe_contract_requires_explicit_activation_authority) ... ok
test_unauthorized_activation_fails_before_evidence_output (test_design_interaction.DesignInteractionTests.test_unauthorized_activation_fails_before_evidence_output) ... ok
test_complete_two_viewport_external_evidence_can_pass_integrated_gates (test_design_observer.DesignObserverTests.test_complete_two_viewport_external_evidence_can_pass_integrated_gates) ... ok
test_live_machine_routes_observer_operations_through_same_design_capability (test_design_observer.DesignObserverTests.test_live_machine_routes_observer_operations_through_same_design_capability) ... ok
test_missing_render_coverage_holds_instead_of_becoming_visual_quality_claim (test_design_observer.DesignObserverTests.test_missing_render_coverage_holds_instead_of_becoming_visual_quality_claim) ... ok
test_observed_failures_create_repair_direction_without_rewriting_source (test_design_observer.DesignObserverTests.test_observed_failures_create_repair_direction_without_rewriting_source) ... ok
test_plan_digest_and_artifact_digest_fail_closed (test_design_observer.DesignObserverTests.test_plan_digest_and_artifact_digest_fail_closed) ... ok
test_render_observation_receipt_is_deterministic_and_does_not_fake_capture (test_design_observer.DesignObserverTests.test_render_observation_receipt_is_deterministic_and_does_not_fake_capture) ... ok
test_browser_capture_feeds_real_runtime_measurements_without_perceptual_overclaim (test_design_runtime_probe.DesignRuntimeProbeTests.test_browser_capture_feeds_real_runtime_measurements_without_perceptual_overclaim) ... ok
test_instrumented_copy_keeps_source_unchanged_and_embeds_probe (test_design_runtime_probe.DesignRuntimeProbeTests.test_instrumented_copy_keeps_source_unchanged_and_embeds_probe) ... ok
test_probe_parser_and_duration_reduction_are_bounded (test_design_runtime_probe.DesignRuntimeProbeTests.test_probe_parser_and_duration_reduction_are_bounded) ... ok
test_dimension_mismatch_holds_and_invalid_png_fails_closed (test_design_visual.DesignVisualTests.test_dimension_mismatch_holds_and_invalid_png_fails_closed) ... ok
test_live_machine_routes_visual_observer_through_existing_design_capability_handles (test_design_visual.DesignVisualTests.test_live_machine_routes_visual_observer_through_existing_design_capability_handles) ... ok
test_png_observer_emits_deterministic_pixel_facts_without_aesthetic_claims (test_design_visual.DesignVisualTests.test_png_observer_emits_deterministic_pixel_facts_without_aesthetic_claims) ... ok
test_render_screenshot_becomes_judge_evidence_but_cannot_fake_visual_quality_pass (test_design_visual.DesignVisualTests.test_render_screenshot_becomes_judge_evidence_but_cannot_fake_visual_quality_pass) ... ok
test_screenshot_color_evidence_can_enter_existing_genome_flow_with_correct_provenance (test_design_visual.DesignVisualTests.test_screenshot_color_evidence_can_enter_existing_genome_flow_with_correct_provenance) ... ok
test_crooked_center_is_numeric_failure_not_visual_guess (test_design_workshop.DesignWorkshopTests.test_crooked_center_is_numeric_failure_not_visual_guess) ... ok
test_exact_build_passes_all_workshop_instruments (test_design_workshop.DesignWorkshopTests.test_exact_build_passes_all_workshop_instruments) ... ok
test_materialized_sketch_keeps_exact_json_and_schematic_svg_separate (test_design_workshop.DesignWorkshopTests.test_materialized_sketch_keeps_exact_json_and_schematic_svg_separate) ... ok
test_observation_digest_drift_fails_closed (test_design_workshop.DesignWorkshopTests.test_observation_digest_drift_fails_closed) ... ok
test_universal_creation_machine_routes_design_workshop (test_design_workshop.DesignWorkshopTests.test_universal_creation_machine_routes_design_workshop) ... ok
test_machine_and_sticker_cli_compile_the_same_exact_plan (test_design_workshop_construction.DesignWorkshopConstructionTests.test_machine_and_sticker_cli_compile_the_same_exact_plan) ... ok
test_missing_part_holds_repair_instead_of_inventing_a_source_sticker (test_design_workshop_construction.DesignWorkshopConstructionTests.test_missing_part_holds_repair_instead_of_inventing_a_source_sticker) ... ok
test_multiplied_sticker_is_ordinary_input_to_sketch_construction (test_design_workshop_construction.DesignWorkshopConstructionTests.test_multiplied_sticker_is_ordinary_input_to_sketch_construction) ... ok
test_numeric_drift_produces_one_grounded_repair_and_new_immutable_version (test_design_workshop_construction.DesignWorkshopConstructionTests.test_numeric_drift_produces_one_grounded_repair_and_new_immutable_version) ... ok
test_repair_rebases_existing_rigid_motion_instead_of_dropping_it (test_design_workshop_construction.DesignWorkshopConstructionTests.test_repair_rebases_existing_rigid_motion_instead_of_dropping_it) ... ok
test_sketch_compiles_and_saves_as_plain_reusable_assembly_while_size_stays_hold (test_design_workshop_construction.DesignWorkshopConstructionTests.test_sketch_compiles_and_saves_as_plain_reusable_assembly_while_size_stays_hold) ... ok
test_complete_character_intent_can_infer_one_unique_live_route_without_internal_kind (test_direction_router.DirectionRouterTests.test_complete_character_intent_can_infer_one_unique_live_route_without_internal_kind) ... ok
test_create_without_internal_kind_returns_honest_direction_hold (test_direction_router.DirectionRouterTests.test_create_without_internal_kind_returns_honest_direction_hold) ... ok
test_morphtile_language_becomes_explicit_direction_contract (test_direction_router.DirectionRouterTests.test_morphtile_language_becomes_explicit_direction_contract) ... ok
test_paintgun_is_visible_but_cannot_satisfy_rich_3d_direction (test_direction_router.DirectionRouterTests.test_paintgun_is_visible_but_cannot_satisfy_rich_3d_direction) ... ok
test_sufficient_exact_route_executes (test_direction_router.DirectionRouterTests.test_sufficient_exact_route_executes) ... ok
test_temporary_candidate_repairs_in_isolation_without_canon_change (test_direction_router.DirectionRouterTests.test_temporary_candidate_repairs_in_isolation_without_canon_change) ... ok
test_material_donor_suites (test_donor_absorption.DonorTests.test_material_donor_suites) ... ok
test_outcome_requires_complete_positive_evidence (test_donor_absorption.DonorTests.test_outcome_requires_complete_positive_evidence) ... ok
test_timeline_endpoints_order_and_hold (test_donor_absorption.DonorTests.test_timeline_endpoints_order_and_hold) ... ok
test_deep_aftertouch_can_finish_with_all_declared_gates_pass_without_claiming_perfection (test_evolution_aftertouch.EvolutionAftertouchTests.test_deep_aftertouch_can_finish_with_all_declared_gates_pass_without_claiming_perfection) ... ok
test_each_completed_round_keeps_two_and_binds_them_into_next_round (test_evolution_aftertouch.EvolutionAftertouchTests.test_each_completed_round_keeps_two_and_binds_them_into_next_round) ... ok
test_live_machine_routes_seven_round_chamber (test_evolution_aftertouch.EvolutionAftertouchTests.test_live_machine_routes_seven_round_chamber) ... ok
test_seven_rounds_retain_exactly_two_finalists_with_explicit_test_gaps (test_evolution_aftertouch.EvolutionAftertouchTests.test_seven_rounds_retain_exactly_two_finalists_with_explicit_test_gaps) ... ok
test_unsupported_candidate_kind_reports_not_tested_instead_of_inventing_success (test_evolution_aftertouch.EvolutionAftertouchTests.test_unsupported_candidate_kind_reports_not_tested_instead_of_inventing_success) ... ok
test_visual_candidate_uses_existing_uc_simulator (test_evolution_aftertouch.EvolutionAftertouchTests.test_visual_candidate_uses_existing_uc_simulator) ... ok
test_catalog_marks_every_connector_external_not_native (test_external_visual_tools.ExternalVisualToolTests.test_catalog_marks_every_connector_external_not_native) ... ok
test_connector_set_contains_declared_visual_tools (test_external_visual_tools.ExternalVisualToolTests.test_connector_set_contains_declared_visual_tools) ... ok
test_execute_never_uses_shell_and_hashes_output (test_external_visual_tools.ExternalVisualToolTests.test_execute_never_uses_shell_and_hashes_output) ... ok
test_execute_requires_explicit_permission (test_external_visual_tools.ExternalVisualToolTests.test_execute_requires_explicit_permission) ... ok
test_probe_receipts_actual_external_execution (test_external_visual_tools.ExternalVisualToolTests.test_probe_receipts_actual_external_execution) ... ok
test_exact_donor_vectors_and_repeat (test_fabric_material.FabricTests.test_exact_donor_vectors_and_repeat) ... ok
test_invalid_inputs (test_fabric_material.FabricTests.test_invalid_inputs) ... ok
test_machine_build_and_no_overwrite (test_fabric_material.FabricTests.test_machine_build_and_no_overwrite) ... ok
test_archive_is_preservation_only (test_fabric_sources.FabricSourceTests.test_archive_is_preservation_only) ... ok
test_declared_sources_do_not_fetch_network_or_transfer_authority (test_fabric_sources.FabricSourceTests.test_declared_sources_do_not_fetch_network_or_transfer_authority) ... ok
test_explicit_missing_override_does_not_silently_fallback (test_fabric_sources.FabricSourceTests.test_explicit_missing_override_does_not_silently_fallback) ... ok
test_local_fallbacks_are_observed_without_becoming_preferred_fabric (test_fabric_sources.FabricSourceTests.test_local_fallbacks_are_observed_without_becoming_preferred_fabric) ... ok
test_preferred_mount_outranks_fallback (test_fabric_sources.FabricSourceTests.test_preferred_mount_outranks_fallback) ... ok
test_unknown_source_and_override_are_rejected (test_fabric_sources.FabricSourceTests.test_unknown_source_and_override_are_rejected) ... ok
test_finish_changes_layered_fields_without_losing_layer_masks (test_finished_layered_game_materials.FinishedLayeredGameMaterialTests.test_finish_changes_layered_fields_without_losing_layer_masks) ... ok
test_finish_names_are_bounded_known_uc_profiles (test_finished_layered_game_materials.FinishedLayeredGameMaterialTests.test_finish_names_are_bounded_known_uc_profiles) ... ok
test_finished_bundle_roundtrips_through_existing_blender_bridge (test_finished_layered_game_materials.FinishedLayeredGameMaterialTests.test_finished_bundle_roundtrips_through_existing_blender_bridge) ... ok
test_layer_cli_accepts_explicit_game_finish (test_finished_layered_game_materials.FinishedLayeredGameMaterialTests.test_layer_cli_accepts_explicit_game_finish) ... ok
test_base_procedural_3d_route_retains_specification_by_default (test_form_character_recipe.FormAndCharacterRecipeTests.test_base_procedural_3d_route_retains_specification_by_default) ... ok
test_form_route_publishes_glb_and_exact_source_sidecar (test_form_character_recipe.FormAndCharacterRecipeTests.test_form_route_publishes_glb_and_exact_source_sidecar) ... ok
test_freeform_patterns_compile_to_explicit_surfaces (test_form_character_recipe.FormAndCharacterRecipeTests.test_freeform_patterns_compile_to_explicit_surfaces) ... ok
test_generic_rig_and_animation_requests_hold_instead_of_faking_support (test_form_character_recipe.FormAndCharacterRecipeTests.test_generic_rig_and_animation_requests_hold_instead_of_faking_support) ... ok
test_invalid_freeform_pattern_holds (test_form_character_recipe.FormAndCharacterRecipeTests.test_invalid_freeform_pattern_holds) ... ok
test_material_response_is_routable_but_renderer_binding_stays_hold (test_form_character_recipe.FormAndCharacterRecipeTests.test_material_response_is_routable_but_renderer_binding_stays_hold) ... ok
test_whole_character_retains_body_family_sockets_clothing_and_material_intent (test_form_character_recipe.FormAndCharacterRecipeTests.test_whole_character_retains_body_family_sockets_clothing_and_material_intent) ... ok
test_all_layouts_fit_and_escape (test_format_templates.FormatTests.test_all_layouts_fit_and_escape) ... ok
test_invalid_dimensions (test_format_templates.FormatTests.test_invalid_dimensions) ... ok
test_print_dimensions_and_screen_pixels (test_format_templates.FormatTests.test_print_dimensions_and_screen_pixels) ... ok
test_all_twelve_packages_have_passing_v02_fixtures_and_exact_anatomy_lineage (test_foundation_organ_pack.FoundationOrganPackTests.test_all_twelve_packages_have_passing_v02_fixtures_and_exact_anatomy_lineage) ... ok
test_census_connects_the_foundation_twelve_without_inflating_the_remaining_queue (test_foundation_organ_pack.FoundationOrganPackTests.test_census_connects_the_foundation_twelve_without_inflating_the_remaining_queue) ... ok
test_exact_twelve_organ_assembly_builds_one_validated_dependency_connected_pack (test_foundation_organ_pack.FoundationOrganPackTests.test_exact_twelve_organ_assembly_builds_one_validated_dependency_connected_pack) ... ok
test_catalog_publisher_and_cli_keep_truth_boundary (test_game_animation_runtime.GameAnimationRuntimeTests.test_catalog_publisher_and_cli_keep_truth_boundary) ... ok
test_compiles_exact_asset_clip_contract (test_game_animation_runtime.GameAnimationRuntimeTests.test_compiles_exact_asset_clip_contract) ... ok
test_dash_applies_exact_root_motion_and_completes_to_idle (test_game_animation_runtime.GameAnimationRuntimeTests.test_dash_applies_exact_root_motion_and_completes_to_idle) ... ok
test_deterministic_and_preserves_source (test_game_animation_runtime.GameAnimationRuntimeTests.test_deterministic_and_preserves_source) ... ok
test_extract_returns_motion_without_moving_world (test_game_animation_runtime.GameAnimationRuntimeTests.test_extract_returns_motion_without_moving_world) ... ok
test_launch_dispatches_release_apex_impact_and_returns (test_game_animation_runtime.GameAnimationRuntimeTests.test_launch_dispatches_release_apex_impact_and_returns) ... ok
test_loop_wrap_is_independent_of_step_partition (test_game_animation_runtime.GameAnimationRuntimeTests.test_loop_wrap_is_independent_of_step_partition) ... ok
test_unknown_event_holds_without_state_change (test_game_animation_runtime.GameAnimationRuntimeTests.test_unknown_event_holds_without_state_change) ... ok
test_validation_rejects_incoherent_runtime (test_game_animation_runtime.GameAnimationRuntimeTests.test_validation_rejects_incoherent_runtime) ... ok
test_all_expression_stance_pairs_are_deterministic_valid_glbs (test_game_character_expression.CharacterExpressionTests.test_all_expression_stance_pairs_are_deterministic_valid_glbs) ... ok
test_catalog_states_static_identity_and_animation_boundaries (test_game_character_expression.CharacterExpressionTests.test_catalog_states_static_identity_and_animation_boundaries) ... ok
test_mischief_ready_changes_geometry_without_mutating_source (test_game_character_expression.CharacterExpressionTests.test_mischief_ready_changes_geometry_without_mutating_source) ... ok
test_mischief_winks_and_preserves_authored_eye_spacing (test_game_character_expression.CharacterExpressionTests.test_mischief_winks_and_preserves_authored_eye_spacing) ... ok
test_neutral_expression_and_stance_are_exact_identity (test_game_character_expression.CharacterExpressionTests.test_neutral_expression_and_stance_are_exact_identity) ... ok
test_nonuniform_expression_uses_inverse_transpose_authored_normals (test_game_character_expression.CharacterExpressionTests.test_nonuniform_expression_uses_inverse_transpose_authored_normals) ... ok
test_protected_identity_shape_and_relationship_survive_story_pose (test_game_character_expression.CharacterExpressionTests.test_protected_identity_shape_and_relationship_survive_story_pose) ... ok
test_publisher_and_cli_emit_actual_glb_and_refuse_overwrite (test_game_character_expression.CharacterExpressionTests.test_publisher_and_cli_emit_actual_glb_and_refuse_overwrite) ... ok
test_validation_rejects_cycle_missing_semantics_and_split_identity (test_game_character_expression.CharacterExpressionTests.test_validation_rejects_cycle_missing_semantics_and_split_identity) ... ok
test_asymmetry_is_deterministic_and_seeded (test_game_form_styles.GameFormStyleTests.test_asymmetry_is_deterministic_and_seeded) ... ok
test_catalog_keeps_realistic_and_distinct_game_profiles (test_game_form_styles.GameFormStyleTests.test_catalog_keeps_realistic_and_distinct_game_profiles) ... ok
test_cli_publishes_source_realization_and_refuses_overwrite (test_game_form_styles.GameFormStyleTests.test_cli_publishes_source_realization_and_refuses_overwrite) ... ok
test_comic_form_changes_geometry_not_materials_or_source (test_game_form_styles.GameFormStyleTests.test_comic_form_changes_geometry_not_materials_or_source) ... ok
test_declared_contacts_and_sockets_are_exactly_preserved (test_game_form_styles.GameFormStyleTests.test_declared_contacts_and_sockets_are_exactly_preserved) ... ok
test_functional_exaggeration_and_small_detail_suppression_are_real (test_game_form_styles.GameFormStyleTests.test_functional_exaggeration_and_small_detail_suppression_are_real) ... ok
test_realistic_is_geometry_identity_and_source_is_immutable (test_game_form_styles.GameFormStyleTests.test_realistic_is_geometry_identity_and_source_is_immutable) ... ok
test_validation_rejects_partial_specs_invalid_anchors_and_bad_triangles (test_game_form_styles.GameFormStyleTests.test_validation_rejects_partial_specs_invalid_anchors_and_bad_triangles) ... ok
test_catalog_keeps_truth_boundary (test_game_functional_motion.GameFunctionalMotionTests.test_catalog_keeps_truth_boundary) ... ok
test_composes_portable_function_tracks (test_game_functional_motion.GameFunctionalMotionTests.test_composes_portable_function_tracks) ... ok
test_deterministic_and_preserves_request (test_game_functional_motion.GameFunctionalMotionTests.test_deterministic_and_preserves_request) ... ok
test_locomotion_and_projectile_can_be_used_independently (test_game_functional_motion.GameFunctionalMotionTests.test_locomotion_and_projectile_can_be_used_independently) ... ok
test_projectile_hits_endpoint_under_constant_gravity (test_game_functional_motion.GameFunctionalMotionTests.test_projectile_hits_endpoint_under_constant_gravity) ... ok
test_publisher_and_cli_are_transactional (test_game_functional_motion.GameFunctionalMotionTests.test_publisher_and_cli_are_transactional) ... ok
test_rejects_unsafe_or_incoherent_requests (test_game_functional_motion.GameFunctionalMotionTests.test_rejects_unsafe_or_incoherent_requests) ... ok
test_wheel_rotation_is_derived_from_distance_and_radius (test_game_functional_motion.GameFunctionalMotionTests.test_wheel_rotation_is_derived_from_distance_and_radius) ... ok
test_all_finishes_and_legacy_normal_resolution (test_game_material_bridge.MaterialBundleTests.test_all_finishes_and_legacy_normal_resolution) ... ok
test_bundle_validation_does_not_need_blender_or_modify_source (test_game_material_bridge.MaterialBundleTests.test_bundle_validation_does_not_need_blender_or_modify_source) ... ok
test_declared_digest_does_not_excuse_wrong_png_dimensions (test_game_material_bridge.MaterialBundleTests.test_declared_digest_does_not_excuse_wrong_png_dimensions) ... ok
test_invalid_manifest_contracts_rejected (test_game_material_bridge.MaterialBundleTests.test_invalid_manifest_contracts_rejected) ... ok
test_rectangular_dimensions_are_explicit_and_verified (test_game_material_bridge.MaterialBundleTests.test_rectangular_dimensions_are_explicit_and_verified) ... ok
test_rehashed_truncated_corrupt_and_oversized_pngs_rejected (test_game_material_bridge.MaterialBundleTests.test_rehashed_truncated_corrupt_and_oversized_pngs_rejected) ... ok
test_symlink_is_not_followed (test_game_material_bridge.MaterialBundleTests.test_symlink_is_not_followed) ... ok
test_cli_publishes_pro_layer_and_refuses_orphan_controls (test_game_material_layers.LayeredGameMaterialTests.test_cli_publishes_pro_layer_and_refuses_orphan_controls) ... ok
test_every_family_finish_accepts_optional_layer_contract (test_game_material_layers.LayeredGameMaterialTests.test_every_family_finish_accepts_optional_layer_contract) ... ok
test_invalid_layer_and_masks_are_rejected (test_game_material_layers.LayeredGameMaterialTests.test_invalid_layer_and_masks_are_rejected) ... ok
test_procedural_layer_is_deterministic_distinct_and_not_only_color (test_game_material_layers.LayeredGameMaterialTests.test_procedural_layer_is_deterministic_distinct_and_not_only_color) ... ok
test_protection_veto_is_exact_and_exposure_changes_pbr (test_game_material_layers.LayeredGameMaterialTests.test_protection_veto_is_exact_and_exposure_changes_pbr) ... ok
test_publication_retains_masks_and_declares_sources (test_game_material_layers.LayeredGameMaterialTests.test_publication_retains_masks_and_declares_sources) ... ok
test_supplied_masks_require_attributed_sources (test_game_material_layers.LayeredGameMaterialTests.test_supplied_masks_require_attributed_sources) ... ok
test_supplied_wear_amount_scales_and_normal_orientation_is_preserved (test_game_material_layers.LayeredGameMaterialTests.test_supplied_wear_amount_scales_and_normal_orientation_is_preserved) ... ok
test_zero_wear_preserves_runtime_maps_and_source (test_game_material_layers.LayeredGameMaterialTests.test_zero_wear_preserves_runtime_maps_and_source) ... ok
test_actual_cli_publication_and_no_overwrite (test_game_material_styles.GameMaterialStyleTests.test_actual_cli_publication_and_no_overwrite) ... ok
test_all_family_finish_pairs_preserve_pbr_contract (test_game_material_styles.GameMaterialStyleTests.test_all_family_finish_pairs_preserve_pbr_contract) ... ok
test_constant_surface_does_not_acquire_false_bands (test_game_material_styles.GameMaterialStyleTests.test_constant_surface_does_not_acquire_false_bands) ... ok
test_graphic_bands_retain_dark_material_structure (test_game_material_styles.GameMaterialStyleTests.test_graphic_bands_retain_dark_material_structure) ... ok
test_invalid_input_and_inconsistent_orm_rejected (test_game_material_styles.GameMaterialStyleTests.test_invalid_input_and_inconsistent_orm_rejected) ... ok
test_new_family_normal_orientation_and_flat_surface (test_game_material_styles.GameMaterialStyleTests.test_new_family_normal_orientation_and_flat_surface) ... ok
test_realism_is_identity_and_donors_are_unchanged (test_game_material_styles.GameMaterialStyleTests.test_realism_is_identity_and_donors_are_unchanged) ... ok
test_request_uses_existing_machine_protocol (test_game_material_styles.GameMaterialStyleTests.test_request_uses_existing_machine_protocol) ... ok
test_seed_repeat_variation_and_family_differences (test_game_material_styles.GameMaterialStyleTests.test_seed_repeat_variation_and_family_differences) ... ok
test_smoothing_preserves_narrow_structural_grain (test_game_material_styles.GameMaterialStyleTests.test_smoothing_preserves_narrow_structural_grain) ... ok
test_styles_change_relief_and_response_not_just_color (test_game_material_styles.GameMaterialStyleTests.test_styles_change_relief_and_response_not_just_color) ... ok
test_all_profiles_are_deterministic_accelerated_and_have_exact_events (test_game_motion_timing.GameMotionTimingTests.test_all_profiles_are_deterministic_accelerated_and_have_exact_events) ... ok
test_catalog_exposes_distinct_timing_not_geometry_or_material_claims (test_game_motion_timing.GameMotionTimingTests.test_catalog_exposes_distinct_timing_not_geometry_or_material_claims) ... ok
test_motion_is_sampled_every_frame_with_strict_portable_times (test_game_motion_timing.GameMotionTimingTests.test_motion_is_sampled_every_frame_with_strict_portable_times) ... ok
test_nonloop_clip_still_settles_without_claiming_a_loop_requirement (test_game_motion_timing.GameMotionTimingTests.test_nonloop_clip_still_settles_without_claiming_a_loop_requirement) ... ok
test_profile_changes_timing_shape_not_requested_endpoints (test_game_motion_timing.GameMotionTimingTests.test_profile_changes_timing_shape_not_requested_endpoints) ... ok
test_publisher_and_cli_are_transactional (test_game_motion_timing.GameMotionTimingTests.test_publisher_and_cli_are_transactional) ... ok
test_quaternions_stay_normalized_and_follow_shortest_hemisphere (test_game_motion_timing.GameMotionTimingTests.test_quaternions_stay_normalized_and_follow_shortest_hemisphere) ... ok
test_validation_rejects_ambiguous_or_unsafe_requests (test_game_motion_timing.GameMotionTimingTests.test_validation_rejects_ambiguous_or_unsafe_requests) ... ok
test_antipodal_quaternion_does_not_spin (test_game_pose_runtime.GamePoseRuntimeTests.test_antipodal_quaternion_does_not_spin) ... ok
test_bad_skin_weights_and_joint_indices_rejected (test_game_pose_runtime.GamePoseRuntimeTests.test_bad_skin_weights_and_joint_indices_rejected) ... ok
test_catalog_exposes_actual_scope (test_game_pose_runtime.GamePoseRuntimeTests.test_catalog_exposes_actual_scope) ... ok
test_cli_reopens_glb_and_preserves_source (test_game_pose_runtime.GamePoseRuntimeTests.test_cli_reopens_glb_and_preserves_source) ... ok
test_explicit_crossfade_endpoints_and_midpoint (test_game_pose_runtime.GamePoseRuntimeTests.test_explicit_crossfade_endpoints_and_midpoint) ... ok
test_half_turn_slerp_world_joint_and_skin_positions (test_game_pose_runtime.GamePoseRuntimeTests.test_half_turn_slerp_world_joint_and_skin_positions) ... ok
test_input_bytes_and_previous_samples_are_immutable (test_game_pose_runtime.GamePoseRuntimeTests.test_input_bytes_and_previous_samples_are_immutable) ... ok
test_invalid_glb_chunks_and_offsets_fail (test_game_pose_runtime.GamePoseRuntimeTests.test_invalid_glb_chunks_and_offsets_fail) ... ok
test_nonfinite_zero_rotation_and_nonmonotonic_keys_rejected (test_game_pose_runtime.GamePoseRuntimeTests.test_nonfinite_zero_rotation_and_nonmonotonic_keys_rejected) ... ok
test_nonuniform_scale_uses_parent_before_child_translation (test_game_pose_runtime.GamePoseRuntimeTests.test_nonuniform_scale_uses_parent_before_child_translation) ... ok
test_nonzero_first_key_preserves_authored_time_domain (test_game_pose_runtime.GamePoseRuntimeTests.test_nonzero_first_key_preserves_authored_time_domain) ... ok
test_normalized_integer_weights_are_supported (test_game_pose_runtime.GamePoseRuntimeTests.test_normalized_integer_weights_are_supported) ... ok
test_partial_channels_reset_to_rest_between_samples (test_game_pose_runtime.GamePoseRuntimeTests.test_partial_channels_reset_to_rest_between_samples) ... ok
test_publication_failure_cleans_stage (test_game_pose_runtime.GamePoseRuntimeTests.test_publication_failure_cleans_stage) ... ok
test_queries_validate_clip_time_and_blend (test_game_pose_runtime.GamePoseRuntimeTests.test_queries_validate_clip_time_and_blend) ... ok
test_rest_hierarchy_and_child_local_socket (test_game_pose_runtime.GamePoseRuntimeTests.test_rest_hierarchy_and_child_local_socket) ... ok
test_skin_blended_influences_with_different_results (test_game_pose_runtime.GamePoseRuntimeTests.test_skin_blended_influences_with_different_results) ... ok
test_static_matrix_column_major_conversion (test_game_pose_runtime.GamePoseRuntimeTests.test_static_matrix_column_major_conversion) ... ok
test_static_unskinned_mesh_uses_own_world_transform (test_game_pose_runtime.GamePoseRuntimeTests.test_static_unskinned_mesh_uses_own_world_transform) ... ok
test_step_exact_boundary_hold_clamp_and_loop (test_game_pose_runtime.GamePoseRuntimeTests.test_step_exact_boundary_hold_clamp_and_loop) ... ok
test_unsupported_and_ambiguous_motion_fail_closed (test_game_pose_runtime.GamePoseRuntimeTests.test_unsupported_and_ambiguous_motion_fail_closed) ... ok
test_catalog_separates_portable_bake_from_engine_shader_features (test_game_render_styles.GameRenderStyleTests.test_catalog_separates_portable_bake_from_engine_shader_features) ... ok
test_cli_publishes_selected_style (test_game_render_styles.GameRenderStyleTests.test_cli_publishes_selected_style) ... ok
test_graphic_style_changes_final_color_not_geometry_and_exports_unlit (test_game_render_styles.GameRenderStyleTests.test_graphic_style_changes_final_color_not_geometry_and_exports_unlit) ... ok
test_light_direction_changes_bake_and_zero_direction_fails (test_game_render_styles.GameRenderStyleTests.test_light_direction_changes_bake_and_zero_direction_fails) ... ok
test_painterly_is_deterministic_position_coherent_and_seeded (test_game_render_styles.GameRenderStyleTests.test_painterly_is_deterministic_position_coherent_and_seeded) ... ok
test_publisher_emits_actual_glb_and_refuses_overwrite (test_game_render_styles.GameRenderStyleTests.test_publisher_emits_actual_glb_and_refuses_overwrite) ... ok
test_realistic_is_exact_pbr_identity_and_keeps_legacy_glb_shape (test_game_render_styles.GameRenderStyleTests.test_realistic_is_exact_pbr_identity_and_keeps_legacy_glb_shape) ... ok
test_validation_rejects_missing_colors_unknown_fields_and_bad_unlit_type (test_game_render_styles.GameRenderStyleTests.test_validation_rejects_missing_colors_unknown_fields_and_bad_unlit_type) ... ok
test_anchor_drift_blocks_only_the_drifting_lod (test_game_runtime_realization.RuntimeRealizationTests.test_anchor_drift_blocks_only_the_drifting_lod) ... ok
test_canonical_lod_remains_honest_fallback (test_game_runtime_realization.RuntimeRealizationTests.test_canonical_lod_remains_honest_fallback) ... ok
test_catalog_keeps_truth_boundaries (test_game_runtime_realization.RuntimeRealizationTests.test_catalog_keeps_truth_boundaries) ... ok
test_deterministic_and_preserves_caller_sources (test_game_runtime_realization.RuntimeRealizationTests.test_deterministic_and_preserves_caller_sources) ... ok
test_features_are_required_only_while_projected_readable (test_game_runtime_realization.RuntimeRealizationTests.test_features_are_required_only_while_projected_readable) ... ok
test_publisher_and_cli_are_transactional (test_game_runtime_realization.RuntimeRealizationTests.test_publisher_and_cli_are_transactional) ... ok
test_render_evidence_blocks_geometry_only_false_confidence (test_game_runtime_realization.RuntimeRealizationTests.test_render_evidence_blocks_geometry_only_false_confidence) ... ok
test_selects_cheapest_eligible_lod_at_each_distance (test_game_runtime_realization.RuntimeRealizationTests.test_selects_cheapest_eligible_lod_at_each_distance) ... ok
test_validation_rejects_bad_ladder_feature_and_anchor_frames (test_game_runtime_realization.RuntimeRealizationTests.test_validation_rejects_bad_ladder_feature_and_anchor_frames) ... ok
test_catalog_names_real_secondary_classes_and_truth_boundary (test_game_secondary_motion.GameSecondaryMotionTests.test_catalog_names_real_secondary_classes_and_truth_boundary) ... ok
test_classes_create_bounded_distinct_followthrough (test_game_secondary_motion.GameSecondaryMotionTests.test_classes_create_bounded_distinct_followthrough) ... ok
test_composition_is_deterministic_and_preserves_both_sources (test_game_secondary_motion.GameSecondaryMotionTests.test_composition_is_deterministic_and_preserves_both_sources) ... ok
test_declared_lag_is_causal_and_chainable (test_game_secondary_motion.GameSecondaryMotionTests.test_declared_lag_is_causal_and_chainable) ... ok
test_every_track_uses_primary_clock_and_closes_exactly (test_game_secondary_motion.GameSecondaryMotionTests.test_every_track_uses_primary_clock_and_closes_exactly) ... ok
test_publisher_and_cli_are_transactional (test_game_secondary_motion.GameSecondaryMotionTests.test_publisher_and_cli_are_transactional) ... ok
test_rotation_values_are_normalized_and_scale_stays_positive (test_game_secondary_motion.GameSecondaryMotionTests.test_rotation_values_are_normalized_and_scale_stays_positive) ... ok
test_static_primary_driver_fails_instead_of_inventing_motion (test_game_secondary_motion.GameSecondaryMotionTests.test_static_primary_driver_fails_instead_of_inventing_motion) ... ok
test_validation_rejects_unknown_drivers_duplicates_and_unsafe_scale (test_game_secondary_motion.GameSecondaryMotionTests.test_validation_rejects_unknown_drivers_duplicates_and_unsafe_scale) ... ok
test_catalog_and_truth_boundary (test_game_showcase_contract.GameShowcaseContractTests.test_catalog_and_truth_boundary) ... ok
test_each_measured_failure_holds (test_game_showcase_contract.GameShowcaseContractTests.test_each_measured_failure_holds) ... ok
test_pass_requires_all_layers (test_game_showcase_contract.GameShowcaseContractTests.test_pass_requires_all_layers) ... ok
test_preserves_source_and_is_deterministic (test_game_showcase_contract.GameShowcaseContractTests.test_preserves_source_and_is_deterministic) ... ok
test_publisher_and_cli_are_transactional (test_game_showcase_contract.GameShowcaseContractTests.test_publisher_and_cli_are_transactional) ... ok
test_rejects_structural_shortcuts (test_game_showcase_contract.GameShowcaseContractTests.test_rejects_structural_shortcuts) ... ok
test_ambiguous_producer_markers_and_unknown_organ_refs_hold (test_gap_synthesis.GapSynthesisTests.test_ambiguous_producer_markers_and_unknown_organ_refs_hold) ... ok
test_ambiguous_structural_bridges_hold_until_one_observed_id_is_explicit (test_gap_synthesis.GapSynthesisTests.test_ambiguous_structural_bridges_hold_until_one_observed_id_is_explicit) ... ok
test_analyze_is_read_only_and_binds_exact_request_digest (test_gap_synthesis.GapSynthesisTests.test_analyze_is_read_only_and_binds_exact_request_digest) ... ok
test_composite_blueprint_holds_when_exact_link_is_missing_or_ambiguous (test_gap_synthesis.GapSynthesisTests.test_composite_blueprint_holds_when_exact_link_is_missing_or_ambiguous) ... ok
test_covered_and_unsupported_requests_hold_without_creating_targets (test_gap_synthesis.GapSynthesisTests.test_covered_and_unsupported_requests_hold_without_creating_targets) ... ok
test_existing_detached_candidate_is_reused_before_duplicate_synthesis (test_gap_synthesis.GapSynthesisTests.test_existing_detached_candidate_is_reused_before_duplicate_synthesis) ... ok
test_inspection_exposes_potential_and_truth_boundary (test_gap_synthesis.GapSynthesisTests.test_inspection_exposes_potential_and_truth_boundary) ... ok
test_invalid_template_request_stays_on_unsupported_hold (test_gap_synthesis.GapSynthesisTests.test_invalid_template_request_stays_on_unsupported_hold) ... ok
test_materialize_and_test_runs_request_shaped_fixture_without_using_requested_destination (test_gap_synthesis.GapSynthesisTests.test_materialize_and_test_runs_request_shaped_fixture_without_using_requested_destination) ... ok
test_organ_composite_materializes_full_exact_chain_without_original_destination (test_gap_synthesis.GapSynthesisTests.test_organ_composite_materializes_full_exact_chain_without_original_destination) ... ok
test_organ_gap_discovers_exact_producer_and_compiles_same_recipe (test_gap_synthesis.GapSynthesisTests.test_organ_gap_discovers_exact_producer_and_compiles_same_recipe) ... ok
test_organ_recipe_holds_on_missing_or_drifted_receipt_contract (test_gap_synthesis.GapSynthesisTests.test_organ_recipe_holds_on_missing_or_drifted_receipt_contract) ... ok
test_organ_report_gap_discovers_and_compiles_exact_three_step_recipe (test_gap_synthesis.GapSynthesisTests.test_organ_report_gap_discovers_and_compiles_exact_three_step_recipe) ... ok
test_organ_report_recipe_materializes_and_proves_exact_json_receipt (test_gap_synthesis.GapSynthesisTests.test_organ_report_recipe_materializes_and_proves_exact_json_receipt) ... ok
test_raw_files_report_recipe_reuses_shorter_verified_composite (test_gap_synthesis.GapSynthesisTests.test_raw_files_report_recipe_reuses_shorter_verified_composite) ... ok
test_report_recipe_holds_on_missing_reporter_or_depth_overflow (test_gap_synthesis.GapSynthesisTests.test_report_recipe_holds_on_missing_reporter_or_depth_overflow) ... ok
test_same_gap_compiles_to_same_closed_proposal (test_gap_synthesis.GapSynthesisTests.test_same_gap_compiles_to_same_closed_proposal) ... ok
test_template_composite_materializes_and_tests_full_chain_without_original_destination (test_gap_synthesis.GapSynthesisTests.test_template_composite_materializes_and_tests_full_chain_without_original_destination) ... ok
test_template_gap_compiles_deterministic_two_capability_recipe (test_gap_synthesis.GapSynthesisTests.test_template_gap_compiles_deterministic_two_capability_recipe) ... ok
test_unroutable_creation_exposes_ready_gap_synthesis_without_inflating_live_coverage (test_gap_synthesis.GapSynthesisTests.test_unroutable_creation_exposes_ready_gap_synthesis_without_inflating_live_coverage) ... ok
test_actual_skin_playback_and_forged_receipt (test_godot_target.RealGodotTarget.test_actual_skin_playback_and_forged_receipt) ... skipped 'requires actual configured Godot and graphics display'
test_actual_textured_import_render_and_tamper_observation (test_godot_target.RealGodotTarget.test_actual_textured_import_render_and_tamper_observation) ... skipped 'requires actual configured Godot and graphics display'
test_engine_png_metadata_keeps_pixels_and_checks_all_crcs (test_godot_target.TargetContracts.test_engine_png_metadata_keeps_pixels_and_checks_all_crcs) ... ok
test_existing_output_and_source_are_preserved (test_godot_target.TargetContracts.test_existing_output_and_source_are_preserved) ... ok
test_missing_and_wrong_target_geometry_are_rejected (test_godot_target.TargetContracts.test_missing_and_wrong_target_geometry_are_rejected) ... ok
test_missing_runtime_does_not_publish_output (test_godot_target.TargetContracts.test_missing_runtime_does_not_publish_output) ... ok
test_multiple_targets_are_distinct_ordered_stations (test_godot_target.TargetContracts.test_multiple_targets_are_distinct_ordered_stations) ... ok
test_options_and_playback_are_bounded (test_godot_target.TargetContracts.test_options_and_playback_are_bounded) ... ok
test_station_is_registered_and_product_selects_actual_engine (test_godot_target.TargetContracts.test_station_is_registered_and_product_selects_actual_engine) ... ok
test_unavailable_or_ambiguous_target_cannot_borrow_a_pass (test_godot_target.TargetContracts.test_unavailable_or_ambiguous_target_cannot_borrow_a_pass) ... ok
test_worker_failure_retains_log_input_and_failure_report (test_godot_target.TargetContracts.test_worker_failure_retains_log_input_and_failure_report) ... ok
test_capsule_resolution_repeat_and_conflict (test_grammar_workbench.GrammarWorkbenchTests.test_capsule_resolution_repeat_and_conflict) ... ok
test_construction_execution_and_module_rollback (test_grammar_workbench.GrammarWorkbenchTests.test_construction_execution_and_module_rollback) ... ok
test_construction_rejects_ambiguous_writes_and_bad_inputs (test_grammar_workbench.GrammarWorkbenchTests.test_construction_rejects_ambiguous_writes_and_bad_inputs) ... ok
test_pinned_glass_regressions (test_grammar_workbench.GrammarWorkbenchTests.test_pinned_glass_regressions) ... ok
test_sparse_equivalence_and_projection (test_grammar_workbench.GrammarWorkbenchTests.test_sparse_equivalence_and_projection) ... ok
test_duplicate_and_missing_marker_names_fail_identity (test_hard_surface_frames.HardSurfaceFrameTests.test_duplicate_and_missing_marker_names_fail_identity) ... ok
test_identity_frame_passes (test_hard_surface_frames.HardSurfaceFrameTests.test_identity_frame_passes) ... ok
test_mirrored_attachment_basis_fails_even_when_forward_up_match (test_hard_surface_frames.HardSurfaceFrameTests.test_mirrored_attachment_basis_fails_even_when_forward_up_match) ... ok
test_nested_rotation_and_translation_measure_world_frame (test_hard_surface_frames.HardSurfaceFrameTests.test_nested_rotation_and_translation_measure_world_frame) ... ok
test_plan_validation_fails_closed (test_hard_surface_frames.HardSurfaceFrameTests.test_plan_validation_fails_closed) ... ok
test_position_and_axis_drift_fail_separately (test_hard_surface_frames.HardSurfaceFrameTests.test_position_and_axis_drift_fail_separately) ... ok
test_sheared_basis_fails_orthogonality (test_hard_surface_frames.HardSurfaceFrameTests.test_sheared_basis_fails_orthogonality) ... ok
test_static_scope_holds_on_animated_glb (test_hard_surface_frames.HardSurfaceFrameTests.test_static_scope_holds_on_animated_glb) ... ok
test_changed_project_body_rejects_prechange_evidence (test_host_evidence.HostEvidenceTests.test_changed_project_body_rejects_prechange_evidence) ... ok
test_fresh_external_evidence_binds_to_the_exact_project_body (test_host_evidence.HostEvidenceTests.test_fresh_external_evidence_binds_to_the_exact_project_body) ... ok
test_machine_exposes_evidence_boundary_without_claiming_it_ran_the_browser (test_host_evidence.HostEvidenceTests.test_machine_exposes_evidence_boundary_without_claiming_it_ran_the_browser) ... ok
test_overall_pass_cannot_hide_an_unknown_claim (test_host_evidence.HostEvidenceTests.test_overall_pass_cannot_hide_an_unknown_claim) ... ok
test_stale_observation_becomes_unknown_without_rewriting_original_status (test_host_evidence.HostEvidenceTests.test_stale_observation_becomes_unknown_without_rewriting_original_status) ... ok
test_participating_source_vertex_count_is_unique_across_candidate_groups (test_indexed_surface_cross_source_metrics.IndexedSurfaceCrossSourceMetricTests.test_participating_source_vertex_count_is_unique_across_candidate_groups) ... ok
test_cross_source_policy_preserves_explicit_non_attribute_split (test_indexed_surface_eligibility.IndexedSurfaceEligibilityTests.test_cross_source_policy_preserves_explicit_non_attribute_split) ... ok
test_cross_source_triangle_corner_dedup_requires_explicit_policy_and_split_declaration (test_indexed_surface_eligibility.IndexedSurfaceEligibilityTests.test_cross_source_triangle_corner_dedup_requires_explicit_policy_and_split_declaration) ... ok
test_digests_are_deterministic_and_input_sensitive (test_indexed_surface_eligibility.IndexedSurfaceEligibilityTests.test_digests_are_deterministic_and_input_sensitive) ... ok
test_expanded_triangle_corners_become_tuple_dedup_candidate_only_with_explicit_split_declaration (test_indexed_surface_eligibility.IndexedSurfaceEligibilityTests.test_expanded_triangle_corners_become_tuple_dedup_candidate_only_with_explicit_split_declaration) ... ok
test_explicit_protected_topology_split_survives_even_when_attributes_match (test_indexed_surface_eligibility.IndexedSurfaceEligibilityTests.test_explicit_protected_topology_split_survives_even_when_attributes_match) ... ok
test_preserves_valid_source_indexing (test_indexed_surface_eligibility.IndexedSurfaceEligibilityTests.test_preserves_valid_source_indexing) ... ok
test_render_topology_lineage_mismatch_is_held (test_indexed_surface_eligibility.IndexedSurfaceEligibilityTests.test_render_topology_lineage_mismatch_is_held) ... ok
test_unknown_channel_fails_closed_without_candidate (test_indexed_surface_eligibility.IndexedSurfaceEligibilityTests.test_unknown_channel_fails_closed_without_candidate) ... ok
test_uv_seam_survives_full_tuple_reasoning (test_indexed_surface_eligibility.IndexedSurfaceEligibilityTests.test_uv_seam_survives_full_tuple_reasoning) ... ok
test_catalog_records_validate_and_keep_scope (test_known_measures.KnownMeasureTests.test_catalog_records_validate_and_keep_scope) ... ok
test_exact_values_keep_different_bases (test_known_measures.KnownMeasureTests.test_exact_values_keep_different_bases) ... ok
test_math_create_rejects_unknown_measure (test_known_measures.KnownMeasureTests.test_math_create_rejects_unknown_measure) ... ok
test_measure_can_drive_family_with_provenance (test_known_measures.KnownMeasureTests.test_measure_can_drive_family_with_provenance) ... ok
test_measure_dimension_mismatch_fails_closed (test_known_measures.KnownMeasureTests.test_measure_dimension_mismatch_fails_closed) ... ok
test_measure_drives_real_universal_creation (test_known_measures.KnownMeasureTests.test_measure_drives_real_universal_creation) ... ok
test_numeric_and_measure_collision_is_rejected (test_known_measures.KnownMeasureTests.test_numeric_and_measure_collision_is_rejected) ... ok
test_values_use_dimension_registry (test_known_measures.KnownMeasureTests.test_values_use_dimension_registry) ... ok
test_actual_exported_pose_regressions (test_limb_geometry.LimbGeometryTests.test_actual_exported_pose_regressions) ... ok
test_coincident_equal_segments_have_a_sphere_of_elbows (test_limb_geometry.LimbGeometryTests.test_coincident_equal_segments_have_a_sphere_of_elbows) ... ok
test_invalid_input_and_unrepresentable_endpoint_difference (test_limb_geometry.LimbGeometryTests.test_invalid_input_and_unrepresentable_endpoint_difference) ... ok
test_nearly_coincident_chain_preserves_circle_when_squares_underflow (test_limb_geometry.LimbGeometryTests.test_nearly_coincident_chain_preserves_circle_when_squares_underflow) ... ok
test_parallel_axis_is_constant_for_every_bend_angle (test_limb_geometry.LimbGeometryTests.test_parallel_axis_is_constant_for_every_bend_angle) ... ok
test_perpendicular_axis_has_known_symmetric_circle_range (test_limb_geometry.LimbGeometryTests.test_perpendicular_axis_has_known_symmetric_circle_range) ... ok
test_range_contains_independently_sampled_known_circle (test_limb_geometry.LimbGeometryTests.test_range_contains_independently_sampled_known_circle) ... ok
test_required_threshold_boundary_is_explicit (test_limb_geometry.LimbGeometryTests.test_required_threshold_boundary_is_explicit) ... ok
test_rigid_motion_scale_and_axis_magnitude (test_limb_geometry.LimbGeometryTests.test_rigid_motion_scale_and_axis_magnitude) ... ok
test_straight_and_fully_folded_chains_are_point_loci (test_limb_geometry.LimbGeometryTests.test_straight_and_fully_folded_chains_are_point_loci) ... ok
test_unreachable_wrists_are_not_projected_or_bend_clamped (test_limb_geometry.LimbGeometryTests.test_unreachable_wrists_are_not_projected_or_bend_clamped) ... ok
test_explicit_writeback_can_repair_canonical_creation_state (test_live_creation.LiveCreationRuntimeTests.test_explicit_writeback_can_repair_canonical_creation_state) ... ok
test_holds_instead_of_claiming_done_when_evidence_fails_without_repair (test_live_creation.LiveCreationRuntimeTests.test_holds_instead_of_claiming_done_when_evidence_fails_without_repair) ... ok
test_non_python_command_requires_explicit_allowlist (test_live_creation.LiveCreationRuntimeTests.test_non_python_command_requires_explicit_allowlist) ... ok
test_rejects_path_escape (test_live_creation.LiveCreationRuntimeTests.test_rejects_path_escape) ... ok
test_repairs_disposable_runtime_then_reexecutes_until_declared_evidence_passes (test_live_creation.LiveCreationRuntimeTests.test_repairs_disposable_runtime_then_reexecutes_until_declared_evidence_passes) ... ok
test_explicit_consent_is_required_and_unsafe_provider_paths_do_not_materialize (test_local_provider.LocalProviderTests.test_explicit_consent_is_required_and_unsafe_provider_paths_do_not_materialize) ... ok
test_explicit_provider_fills_missing_files_then_revalidates_project (test_local_provider.LocalProviderTests.test_explicit_provider_fills_missing_files_then_revalidates_project) ... ok
test_inspect_and_prepare_do_not_call_a_provider (test_local_provider.LocalProviderTests.test_inspect_and_prepare_do_not_call_a_provider) ... ok
test_local_provider_executes_prepared_perspective_methods_without_fake_identities (test_local_provider.LocalProviderTests.test_local_provider_executes_prepared_perspective_methods_without_fake_identities) ... ok
test_loopback_provider_redirect_cannot_escape_to_a_cloud_endpoint (test_local_provider.LocalProviderTests.test_loopback_provider_redirect_cannot_escape_to_a_cloud_endpoint) ... ok
test_operation_specific_requirements_prevent_false_ready_coverage (test_local_provider.LocalProviderTests.test_operation_specific_requirements_prevent_false_ready_coverage) ... ok
test_provider_endpoint_rejects_non_loopback_hosts (test_local_provider.LocalProviderTests.test_provider_endpoint_rejects_non_loopback_hosts) ... ok
test_trial_independently_reverifies_provider_generated_files (test_local_provider.LocalProviderTests.test_trial_independently_reverifies_provider_generated_files) ... ok
test_candidate_can_be_tested_and_build_debris_is_cleaned (test_machine.MachineTests.test_candidate_can_be_tested_and_build_debris_is_cleaned) ... FAIL
test_live_creation_routes_and_writes (test_machine.MachineTests.test_live_creation_routes_and_writes) ... ok
test_unsatisfied_request_emits_structured_directional_gap (test_machine.MachineTests.test_unsatisfied_request_emits_structured_directional_gap) ... ok
test_detached_material_capabilities_are_adopted_and_pattern_is_hold (test_material_capability_exchange.MaterialCapabilityExchangeTests.test_detached_material_capabilities_are_adopted_and_pattern_is_hold) ... ok
test_feedback_linkage_rejects_wrong_pack (test_material_capability_exchange.MaterialCapabilityExchangeTests.test_feedback_linkage_rejects_wrong_pack) ... ok
test_fixture_matches_v018_identity_contract (test_material_capability_exchange.MaterialCapabilityExchangeTests.test_fixture_matches_v018_identity_contract) ... ok
test_output_is_deterministic (test_material_capability_exchange.MaterialCapabilityExchangeTests.test_output_is_deterministic) ... ok
test_strict_mode_refuses_unsupported_capability_hold (test_material_capability_exchange.MaterialCapabilityExchangeTests.test_strict_mode_refuses_unsupported_capability_hold) ... ok
test_tampered_capability_fingerprint_is_rejected_even_if_pack_fingerprint_is_unchanged (test_material_capability_exchange.MaterialCapabilityExchangeTests.test_tampered_capability_fingerprint_is_rejected_even_if_pack_fingerprint_is_unchanged) ... ok
test_tampered_payload_is_rejected_before_use (test_material_capability_exchange.MaterialCapabilityExchangeTests.test_tampered_payload_is_rejected_before_use) ... ok
test_all_five_capability_kinds_adopt_into_detached_state (test_material_capability_full_intake.FullMaterialCapabilityIntakeTests.test_all_five_capability_kinds_adopt_into_detached_state) ... ok
test_full_circulation_fixture_matches_v018_contract (test_material_capability_full_intake.FullMaterialCapabilityIntakeTests.test_full_circulation_fixture_matches_v018_contract) ... ok
test_full_intake_is_deterministic (test_material_capability_full_intake.FullMaterialCapabilityIntakeTests.test_full_intake_is_deterministic) ... ok
test_pattern_projection_refuses_invalid_support (test_material_capability_full_intake.FullMaterialCapabilityIntakeTests.test_pattern_projection_refuses_invalid_support) ... ok
test_projection_ids_are_bound_to_exact_capability_state (test_material_capability_full_intake.FullMaterialCapabilityIntakeTests.test_projection_ids_are_bound_to_exact_capability_state) ... ok
test_recipe_projection_refuses_nontransparent_recipe (test_material_capability_full_intake.FullMaterialCapabilityIntakeTests.test_recipe_projection_refuses_nontransparent_recipe) ... ok
test_sprite_projection_refuses_bounds_outside_atlas (test_material_capability_full_intake.FullMaterialCapabilityIntakeTests.test_sprite_projection_refuses_bounds_outside_atlas) ... ok
test_all_five_capability_kinds_drive_one_native_svg_creation (test_material_capability_realization.MaterialCapabilityRealizationTests.test_all_five_capability_kinds_drive_one_native_svg_creation) ... ok
test_exact_realization_artifact_and_feedback_are_pinned (test_material_capability_realization.MaterialCapabilityRealizationTests.test_exact_realization_artifact_and_feedback_are_pinned) ... ok
test_feedback_tamper_is_rejected (test_material_capability_realization.MaterialCapabilityRealizationTests.test_feedback_tamper_is_rejected) ... ok
test_multiple_same_kind_requires_explicit_selection (test_material_capability_realization.MaterialCapabilityRealizationTests.test_multiple_same_kind_requires_explicit_selection) ... ok
test_realization_is_path_independent_and_deterministic (test_material_capability_realization.MaterialCapabilityRealizationTests.test_realization_is_path_independent_and_deterministic) ... ok
test_recipe_change_changes_native_creation_output (test_material_capability_realization.MaterialCapabilityRealizationTests.test_recipe_change_changes_native_creation_output) ... ok
test_complete_pack_becomes_valid_asset_atom_material (test_material_donor.MaterialDonorAdapterTests.test_complete_pack_becomes_valid_asset_atom_material) ... ok
test_detached_cli_consumes_pack_into_same_validated_grammar (test_material_donor.MaterialDonorAdapterTests.test_detached_cli_consumes_pack_into_same_validated_grammar) ... ok
test_duplicate_family_channel_holds_family_but_keeps_textures (test_material_donor.MaterialDonorAdapterTests.test_duplicate_family_channel_holds_family_but_keeps_textures) ... ok
test_mime_mismatch_holds_entry (test_material_donor.MaterialDonorAdapterTests.test_mime_mismatch_holds_entry) ... ok
test_unassigned_entry_is_visible_hold_not_silent_guess (test_material_donor.MaterialDonorAdapterTests.test_unassigned_entry_is_visible_hold_not_silent_guess) ... ok
test_wrong_version_fails_closed (test_material_donor.MaterialDonorAdapterTests.test_wrong_version_fails_closed) ... ok
test_complete_and_ambiguous_observations_preserve_donor_semantics (test_material_donor_invariant_receipt.MaterialDonorInvariantReceiptTests.test_complete_and_ambiguous_observations_preserve_donor_semantics) ... ok
test_receipt_is_deterministic_and_keeps_authority_false (test_material_donor_invariant_receipt.MaterialDonorInvariantReceiptTests.test_receipt_is_deterministic_and_keeps_authority_false) ... ok
test_unsupported_version_is_retained_as_fail_closed_observation (test_material_donor_invariant_receipt.MaterialDonorInvariantReceiptTests.test_unsupported_version_is_retained_as_fail_closed_observation) ... ok
test_catalog_preserves_bounded_breadth_and_evidence (test_material_response.MaterialResponseTests.test_catalog_preserves_bounded_breadth_and_evidence) ... ok
test_graph_without_response_remains_unchanged_path (test_material_response.MaterialResponseTests.test_graph_without_response_remains_unchanged_path) ... ok
test_skin_living_resolves_without_claiming_uc_renderer_binding (test_material_response.MaterialResponseTests.test_skin_living_resolves_without_claiming_uc_renderer_binding) ... ok
test_unknown_family_and_unknown_override_fail_closed (test_material_response.MaterialResponseTests.test_unknown_family_and_unknown_override_fail_closed) ... ok
test_variant_is_explicit_and_preserves_family (test_material_response.MaterialResponseTests.test_variant_is_explicit_and_preserves_family) ... ok
test_zero_weight_organs_are_true_noop (test_material_response.MaterialResponseTests.test_zero_weight_organs_are_true_noop) ... ok
test_aspect_blind_mapping_exposes_directional_anisotropy_without_rejecting_it (test_material_uv_evidence.MaterialUVEvidenceTests.test_aspect_blind_mapping_exposes_directional_anisotropy_without_rejecting_it) ... ok
test_aspect_correct_mapping_reports_equal_principal_density (test_material_uv_evidence.MaterialUVEvidenceTests.test_aspect_correct_mapping_reports_equal_principal_density) ... ok
test_clamped_texture_with_out_of_range_uvs_is_explicit (test_material_uv_evidence.MaterialUVEvidenceTests.test_clamped_texture_with_out_of_range_uvs_is_explicit) ... ok
test_collapsed_uvs_hold_instead_of_inventing_density (test_material_uv_evidence.MaterialUVEvidenceTests.test_collapsed_uvs_hold_instead_of_inventing_density) ... ok
test_collapsed_world_basis_holds_without_directional_invention (test_material_uv_evidence.MaterialUVEvidenceTests.test_collapsed_world_basis_holds_without_directional_invention) ... ok
test_deformation_is_outside_static_uv_evidence_scope (test_material_uv_evidence.MaterialUVEvidenceTests.test_deformation_is_outside_static_uv_evidence_scope) ... ok
test_directional_density_is_triangle_order_and_rigid_transform_invariant (test_material_uv_evidence.MaterialUVEvidenceTests.test_directional_density_is_triangle_order_and_rigid_transform_invariant) ... ok
test_external_images_are_not_fetched (test_material_uv_evidence.MaterialUVEvidenceTests.test_external_images_are_not_fetched) ... ok
test_invalid_image_header_cannot_supply_fake_dimensions (test_material_uv_evidence.MaterialUVEvidenceTests.test_invalid_image_header_cannot_supply_fake_dimensions) ... ok
test_missing_uv_or_material_does_not_become_a_zero_density_pass (test_material_uv_evidence.MaterialUVEvidenceTests.test_missing_uv_or_material_does_not_become_a_zero_density_pass) ... ok
test_one_metre_square_reports_actual_four_texels_per_metre (test_material_uv_evidence.MaterialUVEvidenceTests.test_one_metre_square_reports_actual_four_texels_per_metre) ... ok
test_rectangular_image_dimensions_are_applied_per_axis (test_material_uv_evidence.MaterialUVEvidenceTests.test_rectangular_image_dimensions_are_applied_per_axis) ... ok
test_texture_transform_and_alternate_uv_set_hold_without_fake_measurement (test_material_uv_evidence.MaterialUVEvidenceTests.test_texture_transform_and_alternate_uv_set_hold_without_fake_measurement) ... ok
test_world_scale_and_uv_scale_change_density_for_the_expected_reason (test_material_uv_evidence.MaterialUVEvidenceTests.test_world_scale_and_uv_scale_change_density_for_the_expected_reason) ... ok
test_binding_cannot_silently_create_or_replace_nonnumeric_targets (test_math_creation.MathCreationTests.test_binding_cannot_silently_create_or_replace_nonnumeric_targets) ... ok
test_binds_resolved_values_without_mutating_template (test_math_creation.MathCreationTests.test_binds_resolved_values_without_mutating_template) ... ok
test_builtin_family_id_drives_real_machine_creation (test_math_creation.MathCreationTests.test_builtin_family_id_drives_real_machine_creation) ... ok
test_family_source_is_explicit_and_unambiguous (test_math_creation.MathCreationTests.test_family_source_is_explicit_and_unambiguous) ... ok
test_math_result_drives_real_machine_creation (test_math_creation.MathCreationTests.test_math_result_drives_real_machine_creation) ... ok
test_builtin_unit_conversion_and_dimension_rejection (test_math_domains.MathDomainTests.test_builtin_unit_conversion_and_dimension_rejection) ... ok
test_circle_box_wave_and_gear_relations (test_math_domains.MathDomainTests.test_circle_box_wave_and_gear_relations) ... ok
test_every_local_domain_family_validates_and_resolves (test_math_domains.MathDomainTests.test_every_local_domain_family_validates_and_resolves) ... ok
test_measured_inputs_are_not_upgraded_by_exact_equations (test_math_domains.MathDomainTests.test_measured_inputs_are_not_upgraded_by_exact_equations) ... ok
test_all_three_machine_paths_and_no_overwrite (test_media_workbench.MediaWorkbenchTests.test_all_three_machine_paths_and_no_overwrite) ... ok
test_label_alpha_and_glyph_fallback (test_media_workbench.MediaWorkbenchTests.test_label_alpha_and_glyph_fallback) ... ok
test_metal_donor_vectors_and_orm (test_media_workbench.MediaWorkbenchTests.test_metal_donor_vectors_and_orm) ... ok
test_reject_invalid_before_allocation (test_media_workbench.MediaWorkbenchTests.test_reject_invalid_before_allocation) ... ok
test_wav_sample_widths_channel_policy_and_resampling (test_media_workbench.MediaWorkbenchTests.test_wav_sample_widths_channel_policy_and_resampling) ... ok
test_closed_non_orientable_projective_plane_fixture_fails_parity_solution (test_mesh_closed_orientation.MeshClosedOrientationTests.test_closed_non_orientable_projective_plane_fixture_fails_parity_solution) ... ok
test_coherent_closed_tetra_reports_positive_signed_orientation (test_mesh_closed_orientation.MeshClosedOrientationTests.test_coherent_closed_tetra_reports_positive_signed_orientation) ... ok
test_collapsed_input_makes_orientation_inspection_incomplete (test_mesh_closed_orientation.MeshClosedOrientationTests.test_collapsed_input_makes_orientation_inspection_incomplete) ... ok
test_component_work_budget_fails_closed_without_partial_parity_verdict (test_mesh_closed_orientation.MeshClosedOrientationTests.test_component_work_budget_fails_closed_without_partial_parity_verdict) ... ok
test_global_reverse_is_still_orientable_but_signed_volume_changes_sign (test_mesh_closed_orientation.MeshClosedOrientationTests.test_global_reverse_is_still_orientable_but_signed_volume_changes_sign) ... ok
test_invalid_orientation_options_fail_closed_only_when_requested (test_mesh_closed_orientation.MeshClosedOrientationTests.test_invalid_orientation_options_fail_closed_only_when_requested) ... ok
test_locally_inconsistent_tetra_is_orientable_without_mutating_input (test_mesh_closed_orientation.MeshClosedOrientationTests.test_locally_inconsistent_tetra_is_orientable_without_mutating_input) ... ok
test_near_zero_volume_is_reported_without_relabelling_orientability (test_mesh_closed_orientation.MeshClosedOrientationTests.test_near_zero_volume_is_reported_without_relabelling_orientability) ... ok
test_open_component_is_explicitly_not_evaluated (test_mesh_closed_orientation.MeshClosedOrientationTests.test_open_component_is_explicitly_not_evaluated) ... ok
test_opt_in_preserves_default_report_shape (test_mesh_closed_orientation.MeshClosedOrientationTests.test_opt_in_preserves_default_report_shape) ... ok
test_chain_truth_boundary_stays_bounded (test_mesh_fabrication_chain.MeshFabricationChainTests.test_chain_truth_boundary_stays_bounded) ... ok
test_initial_chain_replays_to_identical_glb_and_receipt (test_mesh_fabrication_chain.MeshFabricationChainTests.test_initial_chain_replays_to_identical_glb_and_receipt) ... ok
test_live_route_builds_two_cut_chain_and_receipt (test_mesh_fabrication_chain.MeshFabricationChainTests.test_live_route_builds_two_cut_chain_and_receipt) ... ok
test_machine_body_receipt_path_is_rejected (test_mesh_fabrication_chain.MeshFabricationChainTests.test_machine_body_receipt_path_is_rejected) ... ok
test_overlapping_notches_and_duplicate_ids_fail_closed (test_mesh_fabrication_chain.MeshFabricationChainTests.test_overlapping_notches_and_duplicate_ids_fail_closed) ... ok
test_parent_artifact_tamper_blocks_resume_before_output (test_mesh_fabrication_chain.MeshFabricationChainTests.test_parent_artifact_tamper_blocks_resume_before_output) ... ok
test_receipt_tamper_blocks_resume_even_if_json_is_valid (test_mesh_fabrication_chain.MeshFabricationChainTests.test_receipt_tamper_blocks_resume_even_if_json_is_valid) ... ok
test_resume_recompiles_parent_then_appends_third_cut (test_mesh_fabrication_chain.MeshFabricationChainTests.test_resume_recompiles_parent_then_appends_third_cut) ... ok
test_nonseparable_diagonal_holes_are_now_closed_and_valid (test_mesh_general_hole_chain.GeneralHoleSweepTests.test_nonseparable_diagonal_holes_are_now_closed_and_valid) ... ok
test_overlap_still_fails_and_tampered_v06_receipt_cannot_resume (test_mesh_general_hole_chain.GeneralHoleSweepTests.test_overlap_still_fails_and_tampered_v06_receipt_cannot_resume) ... ok
test_rotated_nonseparable_layout_uses_same_sweep_contract (test_mesh_general_hole_chain.GeneralHoleSweepTests.test_rotated_nonseparable_layout_uses_same_sweep_contract) ... ok
test_same_general_sweep_replays_identically (test_mesh_general_hole_chain.GeneralHoleSweepTests.test_same_general_sweep_replays_identically) ... ok
test_three_arbitrary_nonoverlapping_same_axis_holes_match_volume_receipt (test_mesh_general_hole_chain.GeneralHoleSweepTests.test_three_arbitrary_nonoverlapping_same_axis_holes_match_volume_receipt) ... ok
test_v05_lineage_is_verified_then_upgraded_to_v06 (test_mesh_general_hole_chain.GeneralHoleSweepTests.test_v05_lineage_is_verified_then_upgraded_to_v06) ... ok
test_v06_resume_rebuilds_exact_prior_sweep_before_append (test_mesh_general_hole_chain.GeneralHoleSweepTests.test_v06_resume_rebuilds_exact_prior_sweep_before_append) ... ok
test_live_route_builds_two_holes_and_writes_hash_lineage (test_mesh_hole_fabrication_chain.MeshHoleFabricationChainTests.test_live_route_builds_two_holes_and_writes_hash_lineage) ... ok
test_machine_body_receipt_path_is_rejected (test_mesh_hole_fabrication_chain.MeshHoleFabricationChainTests.test_machine_body_receipt_path_is_rejected) ... ok
test_overlap_and_nonseparable_layouts_fail_closed (test_mesh_hole_fabrication_chain.MeshHoleFabricationChainTests.test_overlap_and_nonseparable_layouts_fail_closed) ... ok
test_resume_rebuilds_prior_bytes_then_appends_third_hole (test_mesh_hole_fabrication_chain.MeshHoleFabricationChainTests.test_resume_rebuilds_prior_bytes_then_appends_third_hole) ... ok
test_rotated_source_uses_proven_local_frame_for_multiple_holes (test_mesh_hole_fabrication_chain.MeshHoleFabricationChainTests.test_rotated_source_uses_proven_local_frame_for_multiple_holes) ... ok
test_same_request_replays_to_identical_glb_and_lineage (test_mesh_hole_fabrication_chain.MeshHoleFabricationChainTests.test_same_request_replays_to_identical_glb_and_lineage) ... ok
test_tampered_artifact_or_receipt_cannot_resume (test_mesh_hole_fabrication_chain.MeshHoleFabricationChainTests.test_tampered_artifact_or_receipt_cannot_resume) ... ok
test_v_partition_handles_holes_whose_u_projections_overlap (test_mesh_hole_fabrication_chain.MeshHoleFabricationChainTests.test_v_partition_handles_holes_whose_u_projections_overlap) ... ok
test_hole_touching_notch_fails_closed (test_mesh_mixed_fabrication.MixedFabricationTests.test_hole_touching_notch_fails_closed) ... ok
test_live_route_builds_hole_and_notch_in_one_closed_body (test_mesh_mixed_fabrication.MixedFabricationTests.test_live_route_builds_hole_and_notch_in_one_closed_body) ... ok
test_machine_body_receipt_is_rejected_by_live_adapter (test_mesh_mixed_fabrication.MixedFabricationTests.test_machine_body_receipt_is_rejected_by_live_adapter) ... ok
test_same_source_and_recipe_are_byte_deterministic (test_mesh_mixed_fabrication.MixedFabricationTests.test_same_source_and_recipe_are_byte_deterministic) ... ok
test_tampered_parent_artifact_or_receipt_is_rejected (test_mesh_mixed_fabrication.MixedFabricationTests.test_tampered_parent_artifact_or_receipt_is_rejected) ... ok
test_upgrades_exact_v04_notch_lineage_before_adding_hole (test_mesh_mixed_fabrication.MixedFabricationTests.test_upgrades_exact_v04_notch_lineage_before_adding_hole) ... ok
test_upgrades_exact_v06_hole_lineage_before_adding_notch (test_mesh_mixed_fabrication.MixedFabricationTests.test_upgrades_exact_v06_hole_lineage_before_adding_notch) ... ok
test_v07_resume_rebuilds_exact_parent_then_appends_third_operation (test_mesh_mixed_fabrication.MixedFabricationTests.test_v07_resume_rebuilds_exact_parent_then_appends_third_operation) ... ok
test_box_notch_cuts_each_boundary_side_and_reports_kerf (test_mesh_precision_cutter.MeshPrecisionCutterTests.test_box_notch_cuts_each_boundary_side_and_reports_kerf) ... ok
test_digest_mismatch_and_same_path_fail_before_mutation (test_mesh_precision_cutter.MeshPrecisionCutterTests.test_digest_mismatch_and_same_path_fail_before_mutation) ... ok
test_live_route_cuts_real_existing_glb_and_preserves_source (test_mesh_precision_cutter.MeshPrecisionCutterTests.test_live_route_cuts_real_existing_glb_and_preserves_source) ... ok
test_machine_body_is_not_a_source_or_destination_surface (test_mesh_precision_cutter.MeshPrecisionCutterTests.test_machine_body_is_not_a_source_or_destination_surface) ... ok
test_non_box_and_multi_primitive_sources_fail_closed (test_mesh_precision_cutter.MeshPrecisionCutterTests.test_non_box_and_multi_primitive_sources_fail_closed) ... ok
test_round_hole_works_on_all_three_principal_axes (test_mesh_precision_cutter.MeshPrecisionCutterTests.test_round_hole_works_on_all_three_principal_axes) ... ok
test_same_source_and_recipe_replay_to_identical_glb (test_mesh_precision_cutter.MeshPrecisionCutterTests.test_same_source_and_recipe_replay_to_identical_glb) ... ok
test_source_material_and_truth_boundary_are_preserved_explicitly (test_mesh_precision_cutter.MeshPrecisionCutterTests.test_source_material_and_truth_boundary_are_preserved_explicitly) ... ok
test_real_mesh_ao_high_to_low_transfer_and_missed_cage (test_mesh_production.BlenderProductionTests.test_real_mesh_ao_high_to_low_transfer_and_missed_cage) ... skipped 'optional real Blender backend not configured'
test_real_product_connects_uv_bake_and_target_and_preserves_source (test_mesh_production.BlenderProductionTests.test_real_product_connects_uv_bake_and_target_and_preserves_source) ... skipped 'optional real Blender backend not configured'
test_real_unwrap_reproduces_and_forged_layout_fails (test_mesh_production.BlenderProductionTests.test_real_unwrap_reproduces_and_forged_layout_fails) ... skipped 'optional real Blender backend not configured'
test_animation_copy_preserves_source_and_detects_tamper (test_mesh_production.NativeProductionTests.test_animation_copy_preserves_source_and_detects_tamper) ... ok
test_existing_output_and_invalid_options_refuse (test_mesh_production.NativeProductionTests.test_existing_output_and_invalid_options_refuse) ... ok
test_failed_declared_loop_stops_workflow_before_target (test_mesh_production.NativeProductionTests.test_failed_declared_loop_stops_workflow_before_target) ... ok
test_missing_blender_is_an_explicit_error_without_output (test_mesh_production.NativeProductionTests.test_missing_blender_is_an_explicit_error_without_output) ... ok
test_stale_deformation_report_cannot_pass (test_mesh_production.NativeProductionTests.test_stale_deformation_report_cannot_pass) ... ok
test_uv_quality_requires_first_mip_padding_and_reports_safe_levels (test_mesh_production.NativeProductionTests.test_uv_quality_requires_first_mip_padding_and_reports_safe_levels) ... ok
test_invalid_dimensions_rejected (test_mesh_profiles.MeshProfileTests.test_invalid_dimensions_rejected) ... ok
test_thin_panels_remain_strictly_convex_and_inside_bounds (test_mesh_profiles.MeshProfileTests.test_thin_panels_remain_strictly_convex_and_inside_bounds) ... ok
test_authored_keys_and_subdivisions_are_sampled (test_mesh_quality.MeshQualityTests.test_authored_keys_and_subdivisions_are_sampled) ... ok
test_geometrically_disconnected_charts_need_padding (test_mesh_quality.MeshQualityTests.test_geometrically_disconnected_charts_need_padding) ... ok
test_loop_and_contact_policies_detect_real_drift (test_mesh_quality.MeshQualityTests.test_loop_and_contact_policies_detect_real_drift) ... ok
test_policy_rejects_unknown_clip_invalid_bounds_and_unbounded_sampling (test_mesh_quality.MeshQualityTests.test_policy_rejects_unknown_clip_invalid_bounds_and_unbounded_sampling) ... ok
test_positive_area_overlap_detects_duplicate_triangles (test_mesh_quality.MeshQualityTests.test_positive_area_overlap_detects_duplicate_triangles) ... ok
test_scale_collapse_at_authored_extreme_is_detected (test_mesh_quality.MeshQualityTests.test_scale_collapse_at_authored_extreme_is_detected) ... ok
test_shared_edge_is_not_overlap_and_border_is_measured (test_mesh_quality.MeshQualityTests.test_shared_edge_is_not_overlap_and_border_is_measured) ... ok
test_uv_bounds_and_collapse_fail (test_mesh_quality.MeshQualityTests.test_uv_bounds_and_collapse_fail) ... ok
test_budget_hold_never_relabels_partial_prefix_as_clean (test_mesh_self_intersection.MeshSelfIntersectionTests.test_budget_hold_never_relabels_partial_prefix_as_clean) ... ok
test_budget_override_has_hard_ceiling (test_mesh_self_intersection.MeshSelfIntersectionTests.test_budget_override_has_hard_ceiling) ... ok
test_coplanar_nonadjacent_overlap_is_reported (test_mesh_self_intersection.MeshSelfIntersectionTests.test_coplanar_nonadjacent_overlap_is_reported) ... ok
test_donor_provenance_is_explicit_and_receiving_results_are_not_inherited (test_mesh_self_intersection.MeshSelfIntersectionTests.test_donor_provenance_is_explicit_and_receiving_results_are_not_inherited) ... ok
test_exact_source_topological_neighbors_are_excluded (test_mesh_self_intersection.MeshSelfIntersectionTests.test_exact_source_topological_neighbors_are_excluded) ... ok
test_examples_are_bounded_without_hiding_total_count (test_mesh_self_intersection.MeshSelfIntersectionTests.test_examples_are_bounded_without_hiding_total_count) ... ok
test_invalid_geometry_fails_closed_when_scan_is_within_budget (test_mesh_self_intersection.MeshSelfIntersectionTests.test_invalid_geometry_fails_closed_when_scan_is_within_budget) ... ok
test_pair_budget_holds_before_quadratic_scan (test_mesh_self_intersection.MeshSelfIntersectionTests.test_pair_budget_holds_before_quadratic_scan) ... ok
test_separated_nonadjacent_triangles_pass_complete_scan (test_mesh_self_intersection.MeshSelfIntersectionTests.test_separated_nonadjacent_triangles_pass_complete_scan) ... ok
test_noncoplanar_crossing_is_reported (test_mesh_self_intersection_noncoplanar.MeshSelfIntersectionNoncoplanarTests.test_noncoplanar_crossing_is_reported) ... ok
test_box_face_duplicates_weld_to_eight_geometric_vertices (test_mesh_topology.MeshTopologyTests.test_box_face_duplicates_weld_to_eight_geometric_vertices) ... ok
test_exact_index_collapsed_triangle_fails_closed_for_fan_completeness (test_mesh_topology.MeshTopologyTests.test_exact_index_collapsed_triangle_fails_closed_for_fan_completeness) ... ok
test_high_incidence_source_edge_uses_one_connected_fan_without_pairwise_expansion (test_mesh_topology.MeshTopologyTests.test_high_incidence_source_edge_uses_one_connected_fan_without_pairwise_expansion) ... ok
test_native_closed_primitives_survive_seam_weld (test_mesh_topology.MeshTopologyTests.test_native_closed_primitives_survive_seam_weld) ... ok
test_open_quad_reports_boundary_edges_without_calling_it_invalid (test_mesh_topology.MeshTopologyTests.test_open_quad_reports_boundary_edges_without_calling_it_invalid) ... ok
test_rejects_invalid_inputs (test_mesh_topology.MeshTopologyTests.test_rejects_invalid_inputs) ... ok
test_reports_multiple_disconnected_triangle_components (test_mesh_topology.MeshTopologyTests.test_reports_multiple_disconnected_triangle_components) ... ok
test_representative_weld_does_not_chain_across_wider_seam (test_mesh_topology.MeshTopologyTests.test_representative_weld_does_not_chain_across_wider_seam) ... ok
test_same_direction_shared_edge_reports_orientation_conflict (test_mesh_topology.MeshTopologyTests.test_same_direction_shared_edge_reports_orientation_conflict) ... ok
test_three_faces_on_one_edge_report_nonmanifold_edge (test_mesh_topology.MeshTopologyTests.test_three_faces_on_one_edge_report_nonmanifold_edge) ... ok
test_tolerance_weld_can_expose_collapsed_triangle (test_mesh_topology.MeshTopologyTests.test_tolerance_weld_can_expose_collapsed_triangle) ... ok
test_truth_boundary_stays_structural (test_mesh_topology.MeshTopologyTests.test_truth_boundary_stays_structural) ... ok
test_two_closed_tetrahedra_sharing_only_one_source_vertex_expose_bow_tie_fan (test_mesh_topology.MeshTopologyTests.test_two_closed_tetrahedra_sharing_only_one_source_vertex_expose_bow_tie_fan) ... ok
test_unreferenced_examples_are_bounded_deterministic_source_indices (test_mesh_topology.MeshTopologyTests.test_unreferenced_examples_are_bounded_deterministic_source_indices) ... ok
test_unreferenced_source_vertex_is_reported_without_changing_edge_or_fan_status (test_mesh_topology.MeshTopologyTests.test_unreferenced_source_vertex_is_reported_without_changing_edge_or_fan_status) ... ok
test_bad_media_signature_is_a_visible_grounded_draft_or_strict_hold (test_mixed_project.MixedProjectTests.test_bad_media_signature_is_a_visible_grounded_draft_or_strict_hold) ... ok
test_mixed_project_publishes_exact_text_and_binary_bytes (test_mixed_project.MixedProjectTests.test_mixed_project_publishes_exact_text_and_binary_bytes) ... ok
test_required_maps_prevent_false_ready_route (test_mixed_project.MixedProjectTests.test_required_maps_prevent_false_ready_route) ... ok
test_strict_base64_and_declared_digest_fail_before_publication (test_mixed_project.MixedProjectTests.test_strict_base64_and_declared_digest_fail_before_publication) ... ok
test_text_binary_path_collision_is_rejected (test_mixed_project.MixedProjectTests.test_text_binary_path_collision_is_rejected) ... ok
test_trial_independently_reverifies_mixed_project_digests (test_mixed_project.MixedProjectTests.test_trial_independently_reverifies_mixed_project_digests) ... ok
test_utf8_check_rejects_invalid_bytes_and_optional_types_are_not_coerced (test_mixed_project.MixedProjectTests.test_utf8_check_rejects_invalid_bytes_and_optional_types_are_not_coerced) ... ok
test_all_png_filters_against_known_constant_pixels (test_native_textures.NativeTextureTests.test_all_png_filters_against_known_constant_pixels) ... ok
test_corrupt_embedded_texture_cannot_pass_geometry_verification (test_native_textures.NativeTextureTests.test_corrupt_embedded_texture_cannot_pass_geometry_verification) ... ok
test_each_material_channel_changes_real_render (test_native_textures.NativeTextureTests.test_each_material_channel_changes_real_render) ... ok
test_native_export_embeds_images_uvs_and_shared_orm (test_native_textures.NativeTextureTests.test_native_export_embeds_images_uvs_and_shared_orm) ... ok
test_normal_conversion_preserves_source (test_native_textures.NativeTextureTests.test_normal_conversion_preserves_source) ... ok
test_odd_texture_dimensions_retain_edge_pixels (test_native_textures.NativeTextureTests.test_odd_texture_dimensions_retain_edge_pixels) ... ok
test_png_roundtrip_and_crc_truncation_bounds (test_native_textures.NativeTextureTests.test_png_roundtrip_and_crc_truncation_bounds) ... ok
test_srgb_filtering_occurs_in_linear_light (test_native_textures.NativeTextureTests.test_srgb_filtering_occurs_in_linear_light) ... ok
test_surface_controls_are_bounded_and_domain_specific (test_native_textures.NativeTextureTests.test_surface_controls_are_bounded_and_domain_specific) ... ok
test_surface_controls_preserve_defaults_and_change_real_channels (test_native_textures.NativeTextureTests.test_surface_controls_preserve_defaults_and_change_real_channels) ... ok
test_texture_transforms_are_not_silently_ignored (test_native_textures.NativeTextureTests.test_texture_transforms_are_not_silently_ignored) ... ok
test_uv_and_normal_contracts_fail_closed (test_native_textures.NativeTextureTests.test_uv_and_normal_contracts_fail_closed) ... ok
test_wrapping_and_mipmap_sampling (test_native_textures.NativeTextureTests.test_wrapping_and_mipmap_sampling) ... ok
test_bundle_refuses_nonempty_output_without_replace (test_native_visual_engine.NativeVisualEngineTests.test_bundle_refuses_nonempty_output_without_replace) ... ok
test_bundle_writes_scene_html_and_hash_receipt (test_native_visual_engine.NativeVisualEngineTests.test_bundle_writes_scene_html_and_hash_receipt) ... ok
test_catalog_declares_blender_bridge_without_pixel_parity_claim (test_native_visual_engine.NativeVisualEngineTests.test_catalog_declares_blender_bridge_without_pixel_parity_claim) ... ok
test_html_is_self_contained_webgl2_runtime (test_native_visual_engine.NativeVisualEngineTests.test_html_is_self_contained_webgl2_runtime) ... ok
test_invalid_or_ambiguous_scene_state_is_rejected (test_native_visual_engine.NativeVisualEngineTests.test_invalid_or_ambiguous_scene_state_is_rejected) ... ok
test_scene_contract_is_deterministic_and_truth_bounded (test_native_visual_engine.NativeVisualEngineTests.test_scene_contract_is_deterministic_and_truth_bounded) ... ok
test_external_execution_cannot_use_live_body_as_cwd (test_native_visual_machine_adapter.NativeVisualMachineAdapterTests.test_external_execution_cannot_use_live_body_as_cwd) ... ok
test_external_visual_builtin_is_separate_and_never_native (test_native_visual_machine_adapter.NativeVisualMachineAdapterTests.test_external_visual_builtin_is_separate_and_never_native) ... ok
test_external_visual_live_manifest_routes_separately (test_native_visual_machine_adapter.NativeVisualMachineAdapterTests.test_external_visual_live_manifest_routes_separately) ... ok
test_live_manifest_routes_through_universal_creation_machine (test_native_visual_machine_adapter.NativeVisualMachineAdapterTests.test_live_manifest_routes_through_universal_creation_machine) ... ok
test_machine_adapter_can_compile_and_bundle_demo (test_native_visual_machine_adapter.NativeVisualMachineAdapterTests.test_machine_adapter_can_compile_and_bundle_demo) ... ok
test_machine_adapter_rejects_live_body_write (test_native_visual_machine_adapter.NativeVisualMachineAdapterTests.test_machine_adapter_rejects_live_body_write) ... ok
test_native_visual_builtin_is_registered_and_inspectable (test_native_visual_machine_adapter.NativeVisualMachineAdapterTests.test_native_visual_builtin_is_registered_and_inspectable) ... ok
test_copied_unchanged_weights_are_not_growth (test_neural_growth_evidence.GrowthEvidenceTests.test_copied_unchanged_weights_are_not_growth) ... ok
test_empty_and_missing_artifacts_are_not_growth (test_neural_growth_evidence.GrowthEvidenceTests.test_empty_and_missing_artifacts_are_not_growth) ... ok
test_explicit_real_run_with_changed_verified_weights_is_observed (test_neural_growth_evidence.GrowthEvidenceTests.test_explicit_real_run_with_changed_verified_weights_is_observed) ... ok
test_incomplete_json_receipt_is_not_growth (test_neural_growth_evidence.GrowthEvidenceTests.test_incomplete_json_receipt_is_not_growth) ... ok
test_legacy_aggregate_only_comparison_cannot_claim_growth (test_neural_growth_evidence.GrowthEvidenceTests.test_legacy_aggregate_only_comparison_cannot_claim_growth) ... ok
test_missing_or_nonboolean_simulation_evidence_is_not_real (test_neural_growth_evidence.GrowthEvidenceTests.test_missing_or_nonboolean_simulation_evidence_is_not_real) ... ok
test_run_artifact_digest_must_match_observed_file (test_neural_growth_evidence.GrowthEvidenceTests.test_run_artifact_digest_must_match_observed_file) ... ok
test_simulated_changes_cannot_borrow_another_runs_completion (test_neural_growth_evidence.GrowthEvidenceTests.test_simulated_changes_cannot_borrow_another_runs_completion) ... ok
test_unrelated_model_cannot_supply_selected_model_growth (test_neural_growth_evidence.GrowthEvidenceTests.test_unrelated_model_cannot_supply_selected_model_growth) ... ok
test_real_uc_rule_exact_replay_batch_and_snapshot (test_neural_simulation.CanvasSimulationTests.test_real_uc_rule_exact_replay_batch_and_snapshot) ... ok
test_rehashed_false_external_source_or_result_fails (test_neural_simulation.CanvasSimulationTests.test_rehashed_false_external_source_or_result_fails) ... ok
test_terminal_nonfinite_and_family_mismatch_rejected (test_neural_simulation.CanvasSimulationTests.test_terminal_nonfinite_and_family_mismatch_rejected) ... ok
test_uc_adapter_does_not_import_the_learner (test_neural_simulation.CanvasSimulationTests.test_uc_adapter_does_not_import_the_learner) ... ok
test_hash_primitives_match_neutral_vectors (test_neutral_compute_conformance.NeutralComputeConformanceTests.test_hash_primitives_match_neutral_vectors) ... ok
test_real_uc_shape_recipe_updates_only_dependent_contracts (test_neutral_compute_conformance.NeutralComputeConformanceTests.test_real_uc_shape_recipe_updates_only_dependent_contracts) ... ok
test_uc_native_python_runtime_consumes_pinned_neutral_vectors (test_neutral_compute_conformance.NeutralComputeConformanceTests.test_uc_native_python_runtime_consumes_pinned_neutral_vectors) ... ok
test_unknown_uc_source_holds_instead_of_declaring_everything_reusable (test_neutral_compute_conformance.NeutralComputeConformanceTests.test_unknown_uc_source_holds_instead_of_declaring_everything_reusable) ... ok
test_discovery_inspection_is_read_only_and_direct_composition_is_repeatable (test_organ_discovery.InterfaceOrganDiscoveryTests.test_discovery_inspection_is_read_only_and_direct_composition_is_repeatable) ... ok
test_equal_minimum_provider_sets_stay_ambiguous (test_organ_discovery.InterfaceOrganDiscoveryTests.test_equal_minimum_provider_sets_stay_ambiguous) ... ok
test_gap_compiler_builds_and_tests_discovered_organ_verify_report_recipe (test_organ_discovery.InterfaceOrganDiscoveryTests.test_gap_compiler_builds_and_tests_discovered_organ_verify_report_recipe) ... ok
test_gap_preserves_missing_interface_hold_without_compiling (test_organ_discovery.InterfaceOrganDiscoveryTests.test_gap_preserves_missing_interface_hold_without_compiling) ... ok
test_goal_only_names_required_interface_and_discovers_exact_transitive_closure (test_organ_discovery.InterfaceOrganDiscoveryTests.test_goal_only_names_required_interface_and_discovers_exact_transitive_closure) ... ok
test_missing_interface_emits_forge_ready_organ_contract_and_creates_nothing (test_organ_discovery.InterfaceOrganDiscoveryTests.test_missing_interface_emits_forge_ready_organ_contract_and_creates_nothing) ... ok
test_unique_assembly_with_incomplete_bindings_stays_on_typed_hold (test_organ_discovery.InterfaceOrganDiscoveryTests.test_unique_assembly_with_incomplete_bindings_stays_on_typed_hold) ... ok
test_candidate_source_drift_after_forge_test_holds_before_overlay_discovery (test_organ_gap.MissingOrganClosureTests.test_candidate_source_drift_after_forge_test_holds_before_overlay_discovery) ... ok
test_checks_and_replace_types_are_not_coerced (test_organ_gap.MissingOrganClosureTests.test_checks_and_replace_types_are_not_coerced) ... ok
test_contract_drift_and_unrelated_organ_hold_before_materialization (test_organ_gap.MissingOrganClosureTests.test_contract_drift_and_unrelated_organ_hold_before_materialization) ... ok
test_explicit_candidate_closes_gap_in_ephemeral_build_without_installation (test_organ_gap.MissingOrganClosureTests.test_explicit_candidate_closes_gap_in_ephemeral_build_without_installation) ... ok
test_invalid_package_holds_before_detached_output (test_organ_gap.MissingOrganClosureTests.test_invalid_package_holds_before_detached_output) ... ok
test_machine_inspection_exposes_closure_boundary (test_organ_gap.MissingOrganClosureTests.test_machine_inspection_exposes_closure_boundary) ... ok
test_same_design_reproduces_package_and_closure_receipts (test_organ_gap.MissingOrganClosureTests.test_same_design_reproduces_package_and_closure_receipts) ... ok
test_tested_candidate_can_still_hold_on_incomplete_closure_or_failed_build (test_organ_gap.MissingOrganClosureTests.test_tested_candidate_can_still_hold_on_incomplete_closure_or_failed_build) ... ok
test_library_lists_only_installed_executable_packages (test_organ_library.ExecutableOrganLibraryTests.test_library_lists_only_installed_executable_packages) ... ok
test_machine_exposes_package_summary_and_complete_exact_inspection (test_organ_library.ExecutableOrganLibraryTests.test_machine_exposes_package_summary_and_complete_exact_inspection) ... ok
test_package_schema_rejects_unknown_fields (test_organ_library.ExecutableOrganLibraryTests.test_package_schema_rejects_unknown_fields) ... ok
test_referenced_organ_trial_reverifies_exact_creation_digests (test_organ_library.ExecutableOrganLibraryTests.test_referenced_organ_trial_reverifies_exact_creation_digests) ... ok
test_references_reject_missing_packages_binding_drift_and_source_override (test_organ_library.ExecutableOrganLibraryTests.test_references_reject_missing_packages_binding_drift_and_source_override) ... ok
test_same_installed_organs_create_distinct_bodies_from_distinct_bindings (test_organ_library.ExecutableOrganLibraryTests.test_same_installed_organs_create_distinct_bodies_from_distinct_bindings) ... ok
test_v02_declared_fixture_renders_and_checks_without_runtime_execution (test_organ_library.ExecutableOrganLibraryTests.test_v02_declared_fixture_renders_and_checks_without_runtime_execution) ... ok
test_v02_fixture_drift_fails_and_malformed_fixture_contract_is_rejected (test_organ_library.ExecutableOrganLibraryTests.test_v02_fixture_drift_fails_and_malformed_fixture_contract_is_rejected) ... ok
test_census_accounts_for_every_organ_without_inflating_executable_truth (test_organ_materialization.OrganMaterializationTests.test_census_accounts_for_every_organ_without_inflating_executable_truth) ... ok
test_census_filters_and_pages_exact_rows (test_organ_materialization.OrganMaterializationTests.test_census_filters_and_pages_exact_rows) ... ok
test_combined_coverage_keeps_package_and_live_binding_evidence_separate (test_organ_materialization.OrganMaterializationTests.test_combined_coverage_keeps_package_and_live_binding_evidence_separate) ... ok
test_compiler_emits_closed_forge_proposal_from_explicit_source (test_organ_materialization.OrganMaterializationTests.test_compiler_emits_closed_forge_proposal_from_explicit_source) ... ok
test_connectivity_requires_a_finite_transitive_provider_chain (test_organ_materialization.OrganMaterializationTests.test_connectivity_requires_a_finite_transitive_provider_chain) ... ok
test_coverage_deduplicates_and_excludes_support_uses_and_invalid_bindings (test_organ_materialization.OrganMaterializationTests.test_coverage_deduplicates_and_excludes_support_uses_and_invalid_bindings) ... ok
test_machine_inspection_exposes_census_summary_and_live_route (test_organ_materialization.OrganMaterializationTests.test_machine_inspection_exposes_census_summary_and_live_route) ... ok
test_materialize_and_test_builds_detached_candidate_without_installing (test_organ_materialization.OrganMaterializationTests.test_materialize_and_test_builds_detached_candidate_without_installing) ... ok
test_operation_contract_fails_closed_before_writing (test_organ_materialization.OrganMaterializationTests.test_operation_contract_fails_closed_before_writing) ... ok
test_unknown_or_uncited_anatomy_and_installed_ref_are_rejected (test_organ_materialization.OrganMaterializationTests.test_unknown_or_uncited_anatomy_and_installed_ref_are_rejected) ... ok
test_declared_interfaces_need_reachable_unambiguous_providers (test_organ_project.OrganProjectTests.test_declared_interfaces_need_reachable_unambiguous_providers) ... ok
test_imperfect_organ_body_can_remain_grounded_or_be_explicitly_strict (test_organ_project.OrganProjectTests.test_imperfect_organ_body_can_remain_grounded_or_be_explicitly_strict) ... ok
test_missing_dependency_and_cycle_are_explicit (test_organ_project.OrganProjectTests.test_missing_dependency_and_cycle_are_explicit) ... ok
test_organs_resolve_dependencies_and_own_disjoint_files (test_organ_project.OrganProjectTests.test_organs_resolve_dependencies_and_own_disjoint_files) ... ok
test_rendered_file_ownership_collision_is_rejected (test_organ_project.OrganProjectTests.test_rendered_file_ownership_collision_is_rejected) ... ok
test_shared_variables_must_be_used_somewhere_in_the_assembly (test_organ_project.OrganProjectTests.test_shared_variables_must_be_used_somewhere_in_the_assembly) ... ok
test_simultaneously_ready_organs_preserve_declared_order (test_organ_project.OrganProjectTests.test_simultaneously_ready_organs_preserve_declared_order) ... ok
test_diagonal_axis_relative_to_source_frame_fails_closed (test_oriented_mesh_precision_cutter.OrientedMeshPrecisionCutterTests.test_diagonal_axis_relative_to_source_frame_fails_closed) ... ok
test_live_route_cuts_rotated_existing_glb_and_preserves_source (test_oriented_mesh_precision_cutter.OrientedMeshPrecisionCutterTests.test_live_route_cuts_rotated_existing_glb_and_preserves_source) ... ok
test_rotated_box_notch_uses_source_local_cross_section (test_oriented_mesh_precision_cutter.OrientedMeshPrecisionCutterTests.test_rotated_box_notch_uses_source_local_cross_section) ... ok
test_rotated_source_hole_works_on_all_three_proven_frame_axes (test_oriented_mesh_precision_cutter.OrientedMeshPrecisionCutterTests.test_rotated_source_hole_works_on_all_three_proven_frame_axes) ... ok
test_same_rotated_source_and_recipe_replay_identically (test_oriented_mesh_precision_cutter.OrientedMeshPrecisionCutterTests.test_same_rotated_source_and_recipe_replay_identically) ... ok
test_v03_does_not_claim_general_chaining_or_arbitrary_csg (test_oriented_mesh_precision_cutter.OrientedMeshPrecisionCutterTests.test_v03_does_not_claim_general_chaining_or_arbitrary_csg) ... ok
test_conflicting_definitions_never_publish (test_parallel_create.ParallelCreationTests.test_conflicting_definitions_never_publish) ... ok
test_failed_piece_blocks_assembly_preserves_independent_receipts (test_parallel_create.ParallelCreationTests.test_failed_piece_blocks_assembly_preserves_independent_receipts) ... ok
test_invalid_plans_rejected_before_processes_or_output (test_parallel_create.ParallelCreationTests.test_invalid_plans_rejected_before_processes_or_output) ... ok
test_no_clobber_and_missing_node_are_explicit (test_parallel_create.ParallelCreationTests.test_no_clobber_and_missing_node_are_explicit) ... ok
test_processes_overlap_but_artifacts_and_motion_match_serial (test_parallel_create.ParallelCreationTests.test_processes_overlap_but_artifacts_and_motion_match_serial) ... ok
test_timeout_kills_worker_before_dependent_launch (test_parallel_create.ParallelCreationTests.test_timeout_kills_worker_before_dependent_launch) ... ok
test_exact_tokens_and_single_provider (test_pipeline_map.PipelineMapTests.test_exact_tokens_and_single_provider) ... ok
test_fanin_is_not_silently_satisfied_and_project_types_intersect (test_pipeline_map.PipelineMapTests.test_fanin_is_not_silently_satisfied_and_project_types_intersect) ... ok
test_goal_scope_cycles_and_budget (test_pipeline_map.PipelineMapTests.test_goal_scope_cycles_and_budget) ... ok
test_live_inventory_media_routes_and_read_only (test_pipeline_map.PipelineMapTests.test_live_inventory_media_routes_and_read_only) ... ok
test_source_absence_and_digest_change (test_pipeline_map.PipelineMapTests.test_source_absence_and_digest_change) ... ok
test_manifest_body_drift_is_rejected_before_unpack (test_portable_bundle.PortableBundleTests.test_manifest_body_drift_is_rejected_before_unpack) ... ok
test_operation_specific_bundle_inputs_surface_as_input_gaps (test_portable_bundle.PortableBundleTests.test_operation_specific_bundle_inputs_surface_as_input_gaps) ... ok
test_pack_is_reproducible_and_unpack_reverifies_exact_bytes (test_portable_bundle.PortableBundleTests.test_pack_is_reproducible_and_unpack_reverifies_exact_bytes) ... ok
test_unsafe_manifest_path_and_symlink_source_are_rejected (test_portable_bundle.PortableBundleTests.test_unsafe_manifest_path_and_symlink_source_are_rejected) ... ok
test_changed_declared_file_fails_closed (test_portable_runtime.PortableRuntimeTests.test_changed_declared_file_fails_closed) ... ok
test_extracted_launcher_runs_from_unrelated_working_directory (test_portable_runtime.PortableRuntimeTests.test_extracted_launcher_runs_from_unrelated_working_directory) ... ok
test_portable_cli_returns_hold_for_wrong_pinned_digest (test_portable_runtime.PortableRuntimeTests.test_portable_cli_returns_hold_for_wrong_pinned_digest) ... ok
test_same_body_and_revision_produce_identical_archive (test_portable_runtime.PortableRuntimeTests.test_same_body_and_revision_produce_identical_archive) ... ok
test_undeclared_and_unsafe_entries_fail_closed (test_portable_runtime.PortableRuntimeTests.test_undeclared_and_unsafe_entries_fail_closed) ... ok
test_verifier_accepts_pinned_archive_and_exact_lineage (test_portable_runtime.PortableRuntimeTests.test_verifier_accepts_pinned_archive_and_exact_lineage) ... ok
test_concave_profile_is_deterministic_and_measured (test_precision_cutter.PrecisionCutterTests.test_concave_profile_is_deterministic_and_measured) ... ok
test_failed_replacement_preserves_existing_bytes (test_precision_cutter.PrecisionCutterTests.test_failed_replacement_preserves_existing_bytes) ... ok
test_live_machine_routes_cutter_and_existing_glb_validator_proves_output (test_precision_cutter.PrecisionCutterTests.test_live_machine_routes_cutter_and_existing_glb_validator_proves_output) ... ok
test_machine_body_and_undeclared_arbitrary_csg_stay_blocked (test_precision_cutter.PrecisionCutterTests.test_machine_body_and_undeclared_arbitrary_csg_stay_blocked) ... ok
test_round_hole_applies_half_kerf_to_cut_radius (test_precision_cutter.PrecisionCutterTests.test_round_hole_applies_half_kerf_to_cut_radius) ... ok
test_same_cut_recipe_publishes_identical_glb_bytes (test_precision_cutter.PrecisionCutterTests.test_same_cut_recipe_publishes_identical_glb_bytes) ... ok
test_self_intersection_and_impossible_hole_fail_closed (test_precision_cutter.PrecisionCutterTests.test_self_intersection_and_impossible_hole_fail_closed) ... ok
test_socket_exposes_requested_and_geometric_clearance (test_precision_cutter.PrecisionCutterTests.test_socket_exposes_requested_and_geometric_clearance) ... ok
test_closed_fields_bounds_suffix_and_corruption_fail (test_procedural_3d.Procedural3DTests.test_closed_fields_bounds_suffix_and_corruption_fail) ... ok
test_exported_closed_primitives_have_outward_winding_and_positive_volume (test_procedural_3d.Procedural3DTests.test_exported_closed_primitives_have_outward_winding_and_positive_volume) ... ok
test_invalid_replacement_input_preserves_existing_bytes (test_procedural_3d.Procedural3DTests.test_invalid_replacement_input_preserves_existing_bytes) ... ok
test_live_capability_publishes_and_reparses_exact_asset (test_procedural_3d.Procedural3DTests.test_live_capability_publishes_and_reparses_exact_asset) ... ok
test_same_spec_emits_identical_complete_glb (test_procedural_3d.Procedural3DTests.test_same_spec_emits_identical_complete_glb) ... ok
test_validator_rejects_actual_binary_geometry_defects (test_procedural_3d.Procedural3DTests.test_validator_rejects_actual_binary_geometry_defects) ... ok
test_catalog_is_truthfully_bounded (test_procedural_effects.ProceduralEffectsTests.test_catalog_is_truthfully_bounded) ... ok
test_cli_executes_same_publication_surface (test_procedural_effects.ProceduralEffectsTests.test_cli_executes_same_publication_surface) ... ok
test_invalid_and_unbounded_requests_hold (test_procedural_effects.ProceduralEffectsTests.test_invalid_and_unbounded_requests_hold) ... ok
test_machine_adapter_confines_outputs_to_root (test_procedural_effects.ProceduralEffectsTests.test_machine_adapter_confines_outputs_to_root) ... ok
test_publish_emits_editable_source_graph_and_replaceable_web_realization (test_procedural_effects.ProceduralEffectsTests.test_publish_emits_editable_source_graph_and_replaceable_web_realization) ... ok
test_realization_changes_do_not_rewrite_canonical_topology (test_procedural_effects.ProceduralEffectsTests.test_realization_changes_do_not_rewrite_canonical_topology) ... ok
test_same_recipe_is_deterministic_and_source_is_not_mutated (test_procedural_effects.ProceduralEffectsTests.test_same_recipe_is_deterministic_and_source_is_not_mutated) ... ok
test_seed_and_guides_are_creation_controls (test_procedural_effects.ProceduralEffectsTests.test_seed_and_guides_are_creation_controls) ... ok
test_capability_atomically_publishes_each_supported_asset (test_procedural_media.ProceduralMediaTests.test_capability_atomically_publishes_each_supported_asset) ... ok
test_closed_grammar_bounds_and_output_suffix_hold_before_publication (test_procedural_media.ProceduralMediaTests.test_closed_grammar_bounds_and_output_suffix_hold_before_publication) ... ok
test_corrupted_payloads_are_rejected_and_boolean_types_are_not_coerced (test_procedural_media.ProceduralMediaTests.test_corrupted_payloads_are_rejected_and_boolean_types_are_not_coerced) ... ok
test_png_and_wav_generation_are_deterministic_and_reparsed (test_procedural_media.ProceduralMediaTests.test_png_and_wav_generation_are_deterministic_and_reparsed) ... ok
test_all_product_profiles_have_order_owners_and_honest_gaps (test_product_workflow.ProductWorkflowTests.test_all_product_profiles_have_order_owners_and_honest_gaps) ... ok
test_animated_recipe_requires_authored_source (test_product_workflow.ProductWorkflowTests.test_animated_recipe_requires_authored_source) ... ok
test_existing_target_and_invalid_refinement_refuse_writes (test_product_workflow.ProductWorkflowTests.test_existing_target_and_invalid_refinement_refuse_writes) ... ok
test_forged_quality_report_cannot_satisfy_fresh_observer (test_product_workflow.ProductWorkflowTests.test_forged_quality_report_cannot_satisfy_fresh_observer) ... ok
test_live_product_route (test_product_workflow.ProductWorkflowTests.test_live_product_route) ... ok
test_quality_failure_stops_before_asset_and_preview (test_product_workflow.ProductWorkflowTests.test_quality_failure_stops_before_asset_and_preview) ... ok
test_real_material_run_replay_and_tamper_detection (test_product_workflow.ProductWorkflowTests.test_real_material_run_replay_and_tamper_detection) ... ok
test_software_and_web_draft_recipes_use_existing_checks (test_product_workflow.ProductWorkflowTests.test_software_and_web_draft_recipes_use_existing_checks) ... ok
test_static_asset_end_to_end_and_refinement_preserves_previous (test_product_workflow.ProductWorkflowTests.test_static_asset_end_to_end_and_refinement_preserves_previous) ... ok
test_unimplemented_products_remain_explicit_plans (test_product_workflow.ProductWorkflowTests.test_unimplemented_products_remain_explicit_plans) ... ok
test_world_dimension_failure_stops_before_render (test_product_workflow.ProductWorkflowTests.test_world_dimension_failure_stops_before_render) ... ok
test_already_clear_does_not_invent_repair_experience (test_profession_clearance_repair.ProfessionClearanceRepairTests.test_already_clear_does_not_invent_repair_experience) ... ok
test_animated_source_cannot_receive_a_static_repair (test_profession_clearance_repair.ProfessionClearanceRepairTests.test_animated_source_cannot_receive_a_static_repair) ... ok
test_axis_context_and_runtime_changes_do_not_transfer_procedure (test_profession_clearance_repair.ProfessionClearanceRepairTests.test_axis_context_and_runtime_changes_do_not_transfer_procedure) ... ok
test_claimed_provider_success_cannot_teach_without_artifacts (test_profession_clearance_repair.ProfessionClearanceRepairTests.test_claimed_provider_success_cannot_teach_without_artifacts) ... ok
test_cold_restart_reuses_parameterized_rule_on_new_geometry (test_profession_clearance_repair.ProfessionClearanceRepairTests.test_cold_restart_reuses_parameterized_rule_on_new_geometry) ... ok
test_cold_search_repairs_actual_geometry_and_preserves_source_registry (test_profession_clearance_repair.ProfessionClearanceRepairTests.test_cold_search_repairs_actual_geometry_and_preserves_source_registry) ... ok
test_existing_output_and_protected_registry_are_not_overwritten (test_profession_clearance_repair.ProfessionClearanceRepairTests.test_existing_output_and_protected_registry_are_not_overwritten) ... ok
test_learned_rule_does_not_bypass_new_movement_limit (test_profession_clearance_repair.ProfessionClearanceRepairTests.test_learned_rule_does_not_bypass_new_movement_limit) ... ok
test_movement_bound_holds_without_learning_or_downstream_output (test_profession_clearance_repair.ProfessionClearanceRepairTests.test_movement_bound_holds_without_learning_or_downstream_output) ... ok
test_negative_axis_repair_is_verified_on_actual_geometry (test_profession_clearance_repair.ProfessionClearanceRepairTests.test_negative_axis_repair_is_verified_on_actual_geometry) ... ok
test_new_destination_does_not_duplicate_same_repair_experience (test_profession_clearance_repair.ProfessionClearanceRepairTests.test_new_destination_does_not_duplicate_same_repair_experience) ... ok
test_replaced_glb_invalidates_verification (test_profession_clearance_repair.ProfessionClearanceRepairTests.test_replaced_glb_invalidates_verification) ... ok
test_replay_does_not_reexecute_or_duplicate_learning (test_profession_clearance_repair.ProfessionClearanceRepairTests.test_replay_does_not_reexecute_or_duplicate_learning) ... ok
test_requested_additional_pair_blocks_an_incomplete_repair (test_profession_clearance_repair.ProfessionClearanceRepairTests.test_requested_additional_pair_blocks_an_incomplete_repair) ... ok
test_stored_pass_cannot_turn_unrepaired_output_into_success (test_profession_clearance_repair.ProfessionClearanceRepairTests.test_stored_pass_cannot_turn_unrepaired_output_into_success) ... ok
test_unsupported_procedure_and_bad_bound_rejected_before_state (test_profession_clearance_repair.ProfessionClearanceRepairTests.test_unsupported_procedure_and_bad_bound_rejected_before_state) ... ok
test_catalog_retains_provenance_bodies_and_original_workflows (test_profession_crew.ProfessionCrewTests.test_catalog_retains_provenance_bodies_and_original_workflows) ... ok
test_changed_artifact_invalidates_old_receipt (test_profession_crew.ProfessionCrewTests.test_changed_artifact_invalidates_old_receipt) ... ok
test_competing_writer_fails_without_losing_state (test_profession_crew.ProfessionCrewTests.test_competing_writer_fails_without_losing_state) ... ok
test_context_and_runtime_changes_do_not_transfer_learning (test_profession_crew.ProfessionCrewTests.test_context_and_runtime_changes_do_not_transfer_learning) ... ok
test_create_to_qa_handoff_uses_real_project_evidence (test_profession_crew.ProfessionCrewTests.test_create_to_qa_handoff_uses_real_project_evidence) ... ok
test_existing_specialist_tournament_receives_profession_workflows (test_profession_crew.ProfessionCrewTests.test_existing_specialist_tournament_receives_profession_workflows) ... ok
test_existing_stepwise_contract_and_profession_handoffs (test_profession_crew.ProfessionCrewTests.test_existing_stepwise_contract_and_profession_handoffs) ... ok
test_failure_changes_next_job_before_target_is_written (test_profession_crew.ProfessionCrewTests.test_failure_changes_next_job_before_target_is_written) ... ok
test_failure_stops_dependent_station (test_profession_crew.ProfessionCrewTests.test_failure_stops_dependent_station) ... ok
test_future_dependency_rejected_before_mutation (test_profession_crew.ProfessionCrewTests.test_future_dependency_rejected_before_mutation) ... ok
test_interrupted_run_does_not_replay_unknown_side_effects (test_profession_crew.ProfessionCrewTests.test_interrupted_run_does_not_replay_unknown_side_effects) ... ok
test_json_exact_roundtrip_and_semantic_boundary (test_profession_crew.ProfessionCrewTests.test_json_exact_roundtrip_and_semantic_boundary) ... ok
test_live_machine_route (test_profession_crew.ProfessionCrewTests.test_live_machine_route) ... ok
test_missing_adapter_and_required_judgment_hold (test_profession_crew.ProfessionCrewTests.test_missing_adapter_and_required_judgment_hold) ... ok
test_no_cross_crew_experience (test_profession_crew.ProfessionCrewTests.test_no_cross_crew_experience) ... ok
test_path_escape_and_machine_writes_rejected (test_profession_crew.ProfessionCrewTests.test_path_escape_and_machine_writes_rejected) ... ok
test_plan_is_deterministic_and_does_not_write_state (test_profession_crew.ProfessionCrewTests.test_plan_is_deterministic_and_does_not_write_state) ... ok
test_provider_pass_claim_is_not_accepted_as_artifact_evidence (test_profession_crew.ProfessionCrewTests.test_provider_pass_claim_is_not_accepted_as_artifact_evidence) ... ok
test_real_artifact_roundtrip_and_cold_restart (test_profession_crew.ProfessionCrewTests.test_real_artifact_roundtrip_and_cold_restart) ... ok
test_real_glb_is_observed_without_visual_quality_claim (test_profession_crew.ProfessionCrewTests.test_real_glb_is_observed_without_visual_quality_claim) ... ok
test_replay_never_executes_or_manufactures_experience (test_profession_crew.ProfessionCrewTests.test_replay_never_executes_or_manufactures_experience) ... ok
test_same_artifact_under_new_job_id_is_not_new_experience (test_profession_crew.ProfessionCrewTests.test_same_artifact_under_new_job_id_is_not_new_experience) ... ok
test_state_symlink_rejected (test_profession_crew.ProfessionCrewTests.test_state_symlink_rejected) ... ok
test_unknown_profession_skill_and_bad_fit_rejected (test_profession_crew.ProfessionCrewTests.test_unknown_profession_skill_and_bad_fit_rejected) ... ok
test_valid_but_wrong_glb_does_not_satisfy_requested_asset (test_profession_crew.ProfessionCrewTests.test_valid_but_wrong_glb_does_not_satisfy_requested_asset) ... ok
test_artifact_change_invalidates_existing_packet_and_stored_run (test_profession_target_evidence.ProfessionTargetEvidenceTests.test_artifact_change_invalidates_existing_packet_and_stored_run) ... ok
test_complete_packet_is_not_professional_experience_or_independent_test (test_profession_target_evidence.ProfessionTargetEvidenceTests.test_complete_packet_is_not_professional_experience_or_independent_test) ... ok
test_direct_adapter_rejects_symlink_and_protected_artifacts (test_profession_target_evidence.ProfessionTargetEvidenceTests.test_direct_adapter_rejects_symlink_and_protected_artifacts) ... ok
test_hold_stops_downstream_action (test_profession_target_evidence.ProfessionTargetEvidenceTests.test_hold_stops_downstream_action) ... ok
test_live_adapter_route_and_read_only_behavior (test_profession_target_evidence.ProfessionTargetEvidenceTests.test_live_adapter_route_and_read_only_behavior) ... ok
test_missing_collision_holds_and_names_owning_profession (test_profession_target_evidence.ProfessionTargetEvidenceTests.test_missing_collision_holds_and_names_owning_profession) ... ok
test_navigation_handoff_has_original_profession_contract_in_plan (test_profession_target_evidence.ProfessionTargetEvidenceTests.test_navigation_handoff_has_original_profession_contract_in_plan) ... ok
test_optional_not_tested_does_not_block_or_invent_handoff (test_profession_target_evidence.ProfessionTargetEvidenceTests.test_optional_not_tested_does_not_block_or_invent_handoff) ... ok
test_plan_binds_target_contract_and_exposes_evidence_scope (test_profession_target_evidence.ProfessionTargetEvidenceTests.test_plan_binds_target_contract_and_exposes_evidence_scope) ... ok
test_provider_exception_does_not_teach_a_target_failure (test_profession_target_evidence.ProfessionTargetEvidenceTests.test_provider_exception_does_not_teach_a_target_failure) ... ok
test_provider_pass_does_not_override_fresh_observer (test_profession_target_evidence.ProfessionTargetEvidenceTests.test_provider_pass_does_not_override_fresh_observer) ... ok
test_reported_optional_failure_remains_failure_without_training_credit (test_profession_target_evidence.ProfessionTargetEvidenceTests.test_reported_optional_failure_remains_failure_without_training_credit) ... ok
test_required_contract_cannot_be_weakened_inside_packet (test_profession_target_evidence.ProfessionTargetEvidenceTests.test_required_contract_cannot_be_weakened_inside_packet) ... ok
test_unknown_requirement_rejected_without_state_changes (test_profession_target_evidence.ProfessionTargetEvidenceTests.test_unknown_requirement_rejected_without_state_changes) ... ok
test_weak_visual_evidence_is_handed_to_art_director (test_profession_target_evidence.ProfessionTargetEvidenceTests.test_weak_visual_evidence_is_handed_to_art_director) ... ok
test_wrong_engine_version_or_context_cannot_be_accepted (test_profession_target_evidence.ProfessionTargetEvidenceTests.test_wrong_engine_version_or_context_cannot_be_accepted) ... ok
test_broken_css_and_javascript_references_remain_visible_gaps (test_project_creation.ProjectCreationTests.test_broken_css_and_javascript_references_remain_visible_gaps) ... ok
test_broken_local_reference_on_nested_page_is_visible_in_retained_draft (test_project_creation.ProjectCreationTests.test_broken_local_reference_on_nested_page_is_visible_in_retained_draft) ... ok
test_broken_local_web_reference_is_retained_as_grounded_draft (test_project_creation.ProjectCreationTests.test_broken_local_web_reference_is_retained_as_grounded_draft) ... ok
test_expanded_deterministic_checks_cover_absence_bounds_digest_json_and_file_set (test_project_creation.ProjectCreationTests.test_expanded_deterministic_checks_cover_absence_bounds_digest_json_and_file_set) ... ok
test_expected_file_digest_verification_detects_later_change (test_project_creation.ProjectCreationTests.test_expected_file_digest_verification_detects_later_change) ... ok
test_expected_file_verification_detects_later_change (test_project_creation.ProjectCreationTests.test_expected_file_verification_detects_later_change) ... ok
test_explicit_validated_mode_still_blocks_failed_creation (test_project_creation.ProjectCreationTests.test_explicit_validated_mode_still_blocks_failed_creation) ... ok
test_failed_post_publish_validation_restores_previous_project (test_project_creation.ProjectCreationTests.test_failed_post_publish_validation_restores_previous_project) ... ok
test_generic_project_never_passes_with_zero_checks (test_project_creation.ProjectCreationTests.test_generic_project_never_passes_with_zero_checks) ... ok
test_invalid_json_file_is_retained_with_parser_gap (test_project_creation.ProjectCreationTests.test_invalid_json_file_is_retained_with_parser_gap) ... ok
test_nested_html_reference_resolves_relative_to_that_page (test_project_creation.ProjectCreationTests.test_nested_html_reference_resolves_relative_to_that_page) ... ok
test_project_file_cannot_escape_project_root (test_project_creation.ProjectCreationTests.test_project_file_cannot_escape_project_root) ... ok
test_project_preserves_utf8_and_explicit_line_endings_and_detects_byte_drift (test_project_creation.ProjectCreationTests.test_project_preserves_utf8_and_explicit_line_endings_and_detects_byte_drift) ... ok
test_python_project_is_compiled_without_execution (test_project_creation.ProjectCreationTests.test_python_project_is_compiled_without_execution) ... ok
test_static_web_automatically_checks_css_urls_and_javascript_imports (test_project_creation.ProjectCreationTests.test_static_web_automatically_checks_css_urls_and_javascript_imports) ... ok
test_static_web_project_is_built_and_reverified (test_project_creation.ProjectCreationTests.test_static_web_project_is_built_and_reverified) ... ok
test_symlinks_and_malformed_check_inputs_fail_closed_without_external_reads (test_project_creation.ProjectCreationTests.test_symlinks_and_malformed_check_inputs_fail_closed_without_external_reads) ... ok
test_trial_returns_plan_create_verify_in_one_result (test_project_creation.ProjectCreationTests.test_trial_returns_plan_create_verify_in_one_result) ... ok
test_valid_json_file_is_automatically_parsed (test_project_creation.ProjectCreationTests.test_valid_json_file_is_automatically_parsed) ... ok
test_invalid_json_repair_is_blocked_and_preserves_original (test_project_repair.ProjectRepairTests.test_invalid_json_repair_is_blocked_and_preserves_original) ... ok
test_invalid_python_repair_is_blocked_by_existing_parser_validation (test_project_repair.ProjectRepairTests.test_invalid_python_repair_is_blocked_by_existing_parser_validation) ... ok
test_invalid_static_web_repair_never_replaces_original (test_project_repair.ProjectRepairTests.test_invalid_static_web_repair_never_replaces_original) ... ok
test_machine_body_cannot_be_repaired_as_normal_creation (test_project_repair.ProjectRepairTests.test_machine_body_cannot_be_repaired_as_normal_creation) ... ok
test_nested_html_reference_failure_blocks_repair_and_preserves_project (test_project_repair.ProjectRepairTests.test_nested_html_reference_failure_blocks_repair_and_preserves_project) ... ok
test_patch_applies_only_explicit_file_operations_and_preserves_untouched_files (test_project_repair.ProjectRepairTests.test_patch_applies_only_explicit_file_operations_and_preserves_untouched_files) ... ok
test_repair_refuses_symlink_body_before_staging_dereferences_it (test_project_repair.ProjectRepairTests.test_repair_refuses_symlink_body_before_staging_dereferences_it) ... ok
test_unsafe_repair_path_is_rejected_before_original_changes (test_project_repair.ProjectRepairTests.test_unsafe_repair_path_is_rejected_before_original_changes) ... ok
test_verified_repair_is_a_live_manifest_only_composite (test_project_repair.ProjectRepairTests.test_verified_repair_is_a_live_manifest_only_composite) ... ok
test_imperfect_template_result_survives_as_grounded_draft (test_project_template.ProjectTemplateTests.test_imperfect_template_result_survives_as_grounded_draft) ... ok
test_machine_can_create_inspectable_candidate_source_for_itself (test_project_template.ProjectTemplateTests.test_machine_can_create_inspectable_candidate_source_for_itself) ... ok
test_malformed_reserved_placeholder_is_rejected (test_project_template.ProjectTemplateTests.test_malformed_reserved_placeholder_is_rejected) ... ok
test_rendered_path_collision_and_escape_are_rejected (test_project_template.ProjectTemplateTests.test_rendered_path_collision_and_escape_are_rejected) ... ok
test_template_instantiates_paths_and_contents_once (test_project_template.ProjectTemplateTests.test_template_instantiates_paths_and_contents_once) ... ok
test_template_requires_every_variable_and_rejects_unused_values (test_project_template.ProjectTemplateTests.test_template_requires_every_variable_and_rejects_unused_values) ... ok
test_template_substitution_is_non_recursive (test_project_template.ProjectTemplateTests.test_template_substitution_is_non_recursive) ... ok
test_template_trial_reverifies_rendered_file_digests (test_project_template.ProjectTemplateTests.test_template_trial_reverifies_rendered_file_digests) ... ok
test_handoff_counts_are_preserved (test_registry.RegistryTests.test_handoff_counts_are_preserved) ... ok
test_search_uses_real_baseline (test_registry.RegistryTests.test_search_uses_real_baseline) ... ok
test_full_registry_is_materialized_and_matches_canonical_source (test_registry_materialization.RegistryMaterializationTests.test_full_registry_is_materialized_and_matches_canonical_source) ... ok
test_materialization_manifest_matches_expected_body (test_registry_materialization.RegistryMaterializationTests.test_materialization_manifest_matches_expected_body) ... ok
test_bundle_roundtrip_and_tamper_detection (test_rich_game_materials.RichGameMaterialTests.test_bundle_roundtrip_and_tamper_detection) ... ok
test_layer_catalog_exposes_readable_game_surface_overlays (test_rich_game_materials.RichGameMaterialTests.test_layer_catalog_exposes_readable_game_surface_overlays) ... ok
test_layer_validation_rejects_hidden_or_unbounded_inputs (test_rich_game_materials.RichGameMaterialTests.test_layer_validation_rejects_hidden_or_unbounded_inputs) ... ok
test_layered_bundle_roundtrips_through_existing_blender_bridge_contract (test_rich_game_materials.RichGameMaterialTests.test_layered_bundle_roundtrips_through_existing_blender_bridge_contract) ... ok
test_layered_cli_recipe_preserves_masks_and_receipt (test_rich_game_materials.RichGameMaterialTests.test_layered_cli_recipe_preserves_masks_and_receipt) ... ok
test_layered_fields_are_deterministic_and_change_multiple_channels (test_rich_game_materials.RichGameMaterialTests.test_layered_fields_are_deterministic_and_change_multiple_channels) ... ok
test_profiles_are_visually_distinct_in_generated_fields (test_rich_game_materials.RichGameMaterialTests.test_profiles_are_visually_distinct_in_generated_fields) ... ok
test_rich_catalog_exposes_broad_game_surface_range (test_rich_game_materials.RichGameMaterialTests.test_rich_catalog_exposes_broad_game_surface_range) ... ok
test_rich_material_cli_catalog_is_normal_uc_surface (test_rich_game_materials.RichGameMaterialTests.test_rich_material_cli_catalog_is_normal_uc_surface) ... ok
test_rich_material_cli_creates_immutable_portable_bundle (test_rich_game_materials.RichGameMaterialTests.test_rich_material_cli_creates_immutable_portable_bundle) ... ok
test_rich_material_fields_are_complete_and_deterministic (test_rich_game_materials.RichGameMaterialTests.test_rich_material_fields_are_complete_and_deterministic) ... ok
test_bridge_requires_explicit_path (test_rigged_characters.RiggedCharacterTests.test_bridge_requires_explicit_path) ... ok
test_catalog_reports_portability_boundaries (test_rigged_characters.RiggedCharacterTests.test_catalog_reports_portability_boundaries) ... ok
test_cli_catalog_and_inspection (test_rigged_characters.RiggedCharacterTests.test_cli_catalog_and_inspection) ... ok
test_crafted_surface_features_are_read_from_actual_glb (test_rigged_characters.RiggedCharacterTests.test_crafted_surface_features_are_read_from_actual_glb) ... ok
test_existing_output_is_rejected_before_runtime_provisioning (test_rigged_characters.RiggedCharacterTests.test_existing_output_is_rejected_before_runtime_provisioning) ... ok
test_hero_request_passes_resolution_to_machine_builder (test_rigged_characters.RiggedCharacterTests.test_hero_request_passes_resolution_to_machine_builder) ... ok
test_input_validation_precedes_runtime_or_output_mutation (test_rigged_characters.RiggedCharacterTests.test_input_validation_precedes_runtime_or_output_mutation) ... ok
test_inspector_reports_skinned_structure_not_playback (test_rigged_characters.RiggedCharacterTests.test_inspector_reports_skinned_structure_not_playback) ... ok
test_missing_clip_or_empty_animation_fails (test_rigged_characters.RiggedCharacterTests.test_missing_clip_or_empty_animation_fails) ... ok
test_requested_roundtrip_check_is_automatic_and_failure_is_not_accepted (test_rigged_characters.RiggedCharacterTests.test_requested_roundtrip_check_is_automatic_and_failure_is_not_accepted) ... ok
test_unskinned_or_missing_attributes_are_not_accepted (test_rigged_characters.RiggedCharacterTests.test_unskinned_or_missing_attributes_are_not_accepted) ... ok
test_manifest_order_does_not_change_output (test_rigid_scene_graph.RigidSceneGraphTests.test_manifest_order_does_not_change_output) ... ok
test_nonflat_input_is_rejected_instead_of_silently_reparented (test_rigid_scene_graph.RigidSceneGraphTests.test_nonflat_input_is_rejected_instead_of_silently_reparented) ... ok
test_nonunit_rotation_is_rejected (test_rigid_scene_graph.RigidSceneGraphTests.test_nonunit_rotation_is_rejected) ... ok
test_rebind_is_deterministic_and_preserves_geometry_payload (test_rigid_scene_graph.RigidSceneGraphTests.test_rebind_is_deterministic_and_preserves_geometry_payload) ... ok
test_unknown_parent_and_cycle_fail_closed (test_rigid_scene_graph.RigidSceneGraphTests.test_unknown_parent_and_cycle_fail_closed) ... ok
test_aliasing_and_malformed_inputs_fail (test_rigid_vehicle_motion.RigidVehicleMotionTests.test_aliasing_and_malformed_inputs_fail) ... ok
test_compiles_deterministically_without_mutation (test_rigid_vehicle_motion.RigidVehicleMotionTests.test_compiles_deterministically_without_mutation) ... ok
test_publish_and_cli_refuse_overwrite (test_rigid_vehicle_motion.RigidVehicleMotionTests.test_publish_and_cli_refuse_overwrite) ... {
  "status": "PASS",
  "profiles": 1,
  "quality": {
    "draft": 0.2,
    "game": 0.45,
    "production": 0.72,
    "current_max": 0.9,
    "maximum_hold": "HOLD_CAPABILITY_GAP",
    "maximum_adaptive": 0.91
  },
  "budgets": {
    "hard": "HOLD_BUDGET",
    "adaptive": 0.59,
    "slow": 0.59,
    "fast": 0.9,
    "calibrated": 0.9
  },
  "calibration": {
    "samples": 2,
    "median_ms": 20.481,
    "work_units_per_ms": 1.220633
  },
  "schedule": {
    "game_groups": 8,
    "current_groups": 47,
    "serial_work": 135,
    "parallel_floor": 135
  },
  "adaptive_execution": {
    "status": "PASS",
    "steps": 47,
    "degraded_status": "PASS_DEGRADED"
  }
}

{
  "status": "PASS",
  "gauntlet": {
    "schema": "axm.creative-quality-gauntlet/v1",
    "version": "1.0.0",
    "goal": "Create one game-ready animated armored sci-fi supply crate while preserving editable geometry, UV, material and animation state.",
    "public_hands": 501,
    "callable_recipes": 508,
    "goal_only_status": "HOLD_PLAN_REQUIRED",
    "levels": [
      {
        "level": "draft",
        "status": "PASS",
        "candidate_ready": true,
        "steps": 3,
        "active_operations": 3,
        "families": [
          "mesh-analysis",
          "mesh-primitive",
          "mesh-transform"
        ],
        "state_bytes": 2053,
        "final_state_digest": "ba9df6874b69bc57ada08898b2e427f05aefb61325b1fc1cb2d0def24ecc4a7b"
      },
      {
        "level": "game-ready",
        "status": "PASS",
        "candidate_ready": true,
        "steps": 18,
        "active_operations": 7,
        "families": [
          "mesh-analysis",
          "mesh-primitive",
          "mesh-topology",
          "mesh-transform"
        ],
        "state_bytes": 24737,
        "final_state_digest": "5adca754cd9a4469c383eff08a25ffdbfe0ad17ae67273cc0c0691697a220ab6"
      },
      {
        "level": "production",
        "status": "PASS",
        "candidate_ready": true,
        "steps": 32,
        "active_operations": 18,
        "families": [
          "material",
          "mesh-analysis",
          "mesh-primitive",
          "mesh-topology",
          "mesh-transform",
          "procedural",
          "texture-projection",
          "uv-production"
        ],
        "state_bytes": 440317,
        "final_state_digest": "e70515315e37c7e5bc1a80b22b0942c2a6d5f71832ae048a70524fcb244e8750"
      },
      {
        "level": "max-current-body",
        "status": "PASS",
        "candidate_ready": true,
        "steps": 47,
        "active_operations": 31,
        "families": [
          "animation-clip",
          "material",
          "material-generator",
          "material-stack",
          "mesh-analysis",
          "mesh-primitive",
          "mesh-topology",
          "mesh-transform",
          "procedural",
          "rig-skeleton",
          "rig-skin",
          "texture-projection",
          "uv-production"
        ],
        "state_bytes": 1250755,
        "final_state_digest": "16cf361b2b9fbcc8fc8595fd48a22d503ea367238e8978093e754e2862f6885b"
      }
    ],
    "gaps": [
      {
        "id": "hard-surface-bevel",
        "available": false,
        "scope": "public Creative Hands exact advertised operation"
      },
      {
        "id": "general-mesh-boolean",
        "available": false,
        "scope": "public Creative Hands exact advertised operation"
      },
      {
        "id": "animation-retarget",
        "available": false,
        "scope": "public Creative Hands exact advertised operation"
      },
      {
        "id": "optical-flow-tracking",
        "available": false,
        "scope": "public Creative Hands exact advertised operation"
      },
      {
        "id": "spectral-audio-restoration",
        "available": false,
        "scope": "public Creative Hands exact advertised operation"
      },
      {
        "id": "final-render-hand",
        "available": false,
        "scope": "public Creative Hands exact advertised operation"
      }
    ],
    "timing_truth": "Wall-clock measurements are observational for the current runtime and are excluded from the structural digest.",
    "timings": [
      {
        "level": "draft",
        "elapsed_ms": 22.427,
        "steps_per_ms": 0.133765
      },
      {
        "level": "game-ready",
        "elapsed_ms": 19.448,
        "steps_per_ms": 0.925552
      },
      {
        "level": "production",
        "elapsed_ms": 165.048,
        "steps_per_ms": 0.193884
      },
      {
        "level": "max-current-body",
        "elapsed_ms": 394.252,
        "steps_per_ms": 0.119213
      }
    ],
    "digest": "e259d62922079b1cda059c603ccf5c11fd81b678f65eb04e775cb7bc89230f61"
  }
}

{
  "presentation_states": [
    {
      "damage_stage": 0,
      "lights": {
        "brake": false,
        "damage": false,
        "head": true,
        "reverse": false
      },
      "time": 0.0
    },
    {
      "damage_stage": 1,
      "lights": {
        "brake": false,
        "damage": false,
        "head": true,
        "reverse": false
      },
      "time": 0.25
    },
    {
      "damage_stage": 2,
      "lights": {
        "brake": true,
        "damage": false,
        "head": true,
        "reverse": false
      },
      "time": 0.5
    }
  ],
  "receipt": {
    "assembly_motion_compatible": true,
    "distance_m": 1.0,
    "duration_s": 0.5,
    "maximum_wheel_step_radians": 1.0,
    "sample_count": 3,
    "trace_count": 9,
    "wheel_rotation_radians": -2.0
  },
  "schema": "axm.rigid-vehicle-motion/v0.1",
  "source": {
    "contract": {
      "max_body_rotation_rad": 0.3,
      "max_impact_offset_m": 0.4,
      "max_steer_rad": 0.6,
      "max_suspension_m": 0.2,
      "wheel_positions_m": {
        "front-left": [
          -1.0,
          0.0,
          1.5
        ],
        "front-right": [
          1.0,
          0.0,
          1.5
        ],
        "rear-left": [
          -1.0,
          0.0,
          -1.5
        ],
        "rear-right": [
          1.0,
          0.0,
          -1.5
        ]
      },
      "wheel_radius_m": 0.5
    },
    "name": "Road test",
    "samples": [
      {
        "body_heave_m": 0.0,
        "body_pitch_rad": -0.0,
        "body_roll_rad": 0.0,
        "damage_stage": 0,
        "distance_m": 12.0,
        "impact_offset_m": [
          0.0,
          0.0,
          0.0
        ],
        "impact_rotation_rad": [
          0.0,
          0.0,
          0.0
        ],
        "lights": {
          "brake": false,
          "damage": false,
          "head": true,
          "reverse": false
        },
        "steer": 0.0,
        "suspension_m": [
          0.0,
          0.0,
          -0.0,
          0.0
        ],
        "time_s": 0.0
      },
      {
        "body_heave_m": 0.01,
        "body_pitch_rad": -0.02,
        "body_roll_rad": 0.015,
        "damage_stage": 1,
        "distance_m": 12.5,
        "impact_offset_m": [
          0.0,
          0.0,
          0.0
        ],
        "impact_rotation_rad": [
          0.0,
          0.0,
          0.0
        ],
        "lights": {
          "brake": false,
          "damage": false,
          "head": true,
          "reverse": false
        },
        "steer": 0.8,
        "suspension_m": [
          0.0,
          0.04,
          -0.02,
          0.0
        ],
        "time_s": 0.25
      },
      {
        "body_heave_m": 0.02,
        "body_pitch_rad": -0.04,
        "body_roll_rad": 0.03,
        "damage_stage": 2,
        "distance_m": 13.0,
        "impact_offset_m": [
          0.0,
          0.0,
          0.0
        ],
        "impact_rotation_rad": [
          0.0,
          0.0,
          0.0
        ],
        "lights": {
          "brake": true,
          "damage": false,
          "head": true,
          "reverse": false
        },
        "steer": -0.4,
        "suspension_m": [
          0.0,
          0.08,
          -0.04,
          0.0
        ],
        "time_s": 0.5
      }
    ],
    "schema": "axm.rigid-vehicle-motion-request/v0.1"
  },
  "source_sha256": "b65deb93c51d2e98c5b171f396d8164ee8b42106b7b9face7777fbf2d01b7398",
  "traces": {
    "body": [
      {
        "frame": [
          1.0,
          0.0,
          0.0,
          0.0,
          0.0,
          1.0,
          0.0,
          0.0,
          -0.0,
          0.0,
          1.0,
          0.0,
          0.0,
          0.0,
          0.0,
          1.0
        ],
        "time": 0.0
      },
      {
        "frame": [
          0.9998875021093592,
          -0.014996437718821741,
          -0.00029996875127653454,
          0.0,
          0.01499943750632809,
          0.9996875312747651,
          0.019996416885514453,
          0.01,
          -0.0,
          -0.01999866669333308,
          0.9998000066665778,
          0.0,
          0.0,
          0.0,
          0.0,
          1.0
        ],
        "time": 0.25
      },
      {
        "frame": [
          0.9995500337489875,
          -0.029971507001683047,
          -0.0011995000816928515,
          0.0,
          0.02999550020249566,
          0.9987505003349725,
          0.03997134033584972,
          0.02,
          -0.0,
          -0.03998933418663416,
          0.9992001066609779,
          0.0,
          0.0,
          0.0,
          0.0,
          1.0
        ],
        "time": 0.5
      }
    ],
    "corner-front-left": [
      {
        "frame": [
          1.0,
          0.0,
          0.0,
          -1.0,
          0.0,
          1.0,
          0.0,
          0.0,
          -0.0,
          0.0,
          1.0,
          1.5,
          0.0,
          0.0,
          0.0,
          1.0
        ],
        "time": 0.0
      },
      {
        "frame": [
          0.8869949227792842,
          0.0,
          0.4617791755414829,
          -1.0,
          0.0,
          1.0,
          0.0,
          0.0,
          -0.4617791755414829,
          0.0,
          0.8869949227792842,
          1.5,
          0.0,
          0.0,
          0.0,
          1.0
        ],
        "time": 0.25
      },
      {
        "frame": [
          0.9713379748520297,
          -0.0,
          -0.23770262642713458,
          -1.0,
          0.0,
          1.0,
          -0.0,
          0.0,
          0.23770262642713458,
          0.0,
          0.9713379748520297,
          1.5,
          0.0,
          0.0,
          0.0,
          1.0
        ],
        "time": 0.5
      }
    ],
    "corner-front-right": [
      {
        "frame": [
          1.0,
          0.0,
          0.0,
          1.0,
          0.0,
          1.0,
          0.0,
          0.0,
          -0.0,
          0.0,
          1.0,
          1.5,
          0.0,
          0.0,
          0.0,
          1.0
        ],
        "time": 0.0
      },
      {
        "frame": [
          0.8869949227792842,
          0.0,
          0.4617791755414829,
          1.0,
          0.0,
          1.0,
          0.0,
          0.04,
          -0.4617791755414829,
          0.0,
          0.8869949227792842,
          1.5,
          0.0,
          0.0,
          0.0,
          1.0
        ],
        "time": 0.25
      },
      {
        "frame": [
          0.9713379748520297,
          -0.0,
          -0.23770262642713458,
          1.0,
          0.0,
          1.0,
          -0.0,
          0.08,
          0.23770262642713458,
          0.0,
          0.9713379748520297,
          1.5,
          0.0,
          0.0,
          0.0,
          1.0
        ],
        "time": 0.5
      }
    ],
    "corner-rear-left": [
      {
        "frame": [
          1.0,
          0.0,
          0.0,
          -1.0,
          0.0,
          1.0,
          0.0,
          0.0,
          -0.0,
          0.0,
          1.0,
          -1.5,
          0.0,
          0.0,
          0.0,
          1.0
        ],
        "time": 0.0
      },
      {
        "frame": [
          1.0,
          0.0,
          0.0,
          -1.0,
          0.0,
          1.0,
          0.0,
          -0.02,
          -0.0,
          0.0,
          1.0,
          -1.5,
          0.0,
          0.0,
          0.0,
          1.0
        ],
        "time": 0.25
      },
      {
        "frame": [
          1.0,
          0.0,
          0.0,
          -1.0,
          0.0,
          1.0,
          0.0,
          -0.04,
          -0.0,
          0.0,
          1.0,
          -1.5,
          0.0,
          0.0,
          0.0,
          1.0
        ],
        "time": 0.5
      }
    ],
    "corner-rear-right": [
      {
        "frame": [
          1.0,
          0.0,
          0.0,
          1.0,
          0.0,
          1.0,
          0.0,
          0.0,
          -0.0,
          0.0,
          1.0,
          -1.5,
          0.0,
          0.0,
          0.0,
          1.0
        ],
        "time": 0.0
      },
      {
        "frame": [
          1.0,
          0.0,
          0.0,
          1.0,
          0.0,
          1.0,
          0.0,
          0.0,
          -0.0,
          0.0,
          1.0,
          -1.5,
          0.0,
          0.0,
          0.0,
          1.0
        ],
        "time": 0.25
      },
      {
        "frame": [
          1.0,
          0.0,
          0.0,
          1.0,
          0.0,
          1.0,
          0.0,
          0.0,
          -0.0,
          0.0,
          1.0,
          -1.5,
          0.0,
          0.0,
          0.0,
          1.0
        ],
        "time": 0.5
      }
    ],
    "wheel-front-left": [
      {
        "frame": [
          1.0,
          -0.0,
          0.0,
          0,
          0.0,
          1.0,
          0.0,
          0,
          -0.0,
          -0.0,
          1.0,
          0,
          0.0,
          0.0,
          0.0,
          1.0
        ],
        "time": 0.0
      },
      {
        "frame": [
          1.0,
          -0.0,
          0.0,
          0,
          0.0,
          0.5403023058681398,
          0.8414709848078965,
          0,
          -0.0,
          -0.8414709848078965,
          0.5403023058681398,
          0,
          0.0,
          0.0,
          0.0,
          1.0
        ],
        "time": 0.25
      },
      {
        "frame": [
          1.0,
          0.0,
          -0.0,
          0,
          0.0,
          -0.4161468365471424,
          0.9092974268256817,
          0,
          -0.0,
          -0.9092974268256817,
          -0.4161468365471424,
          0,
          0.0,
          0.0,
          0.0,
          1.0
        ],
        "time": 0.5
      }
    ],
    "wheel-front-right": [
      {
        "frame": [
          1.0,
          -0.0,
          0.0,
          0,
          0.0,
          1.0,
          0.0,
          0,
          -0.0,
          -0.0,
          1.0,
          0,
          0.0,
          0.0,
          0.0,
          1.0
        ],
        "time": 0.0
      },
      {
        "frame": [
          1.0,
          -0.0,
          0.0,
          0,
          0.0,
          0.5403023058681398,
          0.8414709848078965,
          0,
          -0.0,
          -0.8414709848078965,
          0.5403023058681398,
          0,
          0.0,
          0.0,
          0.0,
          1.0
        ],
        "time": 0.25
      },
      {
        "frame": [
          1.0,
          0.0,
          -0.0,
          0,
          0.0,
          -0.4161468365471424,
          0.9092974268256817,
          0,
          -0.0,
          -0.9092974268256817,
          -0.4161468365471424,
          0,
          0.0,
          0.0,
          0.0,
          1.0
        ],
        "time": 0.5
      }
    ],
    "wheel-rear-left": [
      {
        "frame": [
          1.0,
          -0.0,
          0.0,
          0,
          0.0,
          1.0,
          0.0,
          0,
          -0.0,
          -0.0,
          1.0,
          0,
          0.0,
          0.0,
          0.0,
          1.0
        ],
        "time": 0.0
      },
      {
        "frame": [
          1.0,
          -0.0,
          0.0,
          0,
          0.0,
          0.5403023058681398,
          0.8414709848078965,
          0,
          -0.0,
          -0.8414709848078965,
          0.5403023058681398,
          0,
          0.0,
          0.0,
          0.0,
          1.0
        ],
        "time": 0.25
      },
      {
        "frame": [
          1.0,
          0.0,
          -0.0,
          0,
          0.0,
          -0.4161468365471424,
          0.9092974268256817,
          0,
          -0.0,
          -0.9092974268256817,
          -0.4161468365471424,
          0,
          0.0,
          0.0,
          0.0,
          1.0
        ],
        "time": 0.5
      }
    ],
    "wheel-rear-right": [
      {
        "frame": [
          1.0,
          -0.0,
          0.0,
          0,
          0.0,
          1.0,
          0.0,
          0,
          -0.0,
          -0.0,
          1.0,
          0,
          0.0,
          0.0,
          0.0,
          1.0
        ],
        "time": 0.0
      },
      {
        "frame": [
          1.0,
          -0.0,
          0.0,
          0,
          0.0,
          0.5403023058681398,
          0.8414709848078965,
          0,
          -0.0,
          -0.8414709848078965,
          0.5403023058681398,
          0,
          0.0,
          0.0,
          0.0,
          1.0
        ],
        "time": 0.25
      },
      {
        "frame": [
          1.0,
          0.0,
          -0.0,
          0,
          0.0,
          -0.4161468365471424,
          0.9092974268256817,
          0,
          -0.0,
          -0.9092974268256817,
          -0.4161468365471424,
          0,
          0.0,
          0.0,
          0.0,
          1.0
        ],
        "time": 0.5
      }
    ]
  },
  "truth": "Compiles caller-owned presentation samples. It does not infer contact, solve suspension, simulate tyres, collisions or damage, or change gameplay state."
}ok
test_all_reference_designs_export_two_real_detail_levels (test_rts_foundry.RTSFoundryTests.test_all_reference_designs_export_two_real_detail_levels) ... ok
test_articulation_preserves_bind_geometry_and_real_movement (test_rts_foundry.RTSFoundryTests.test_articulation_preserves_bind_geometry_and_real_movement) ... ok
test_bad_animation_and_pivots_fail (test_rts_foundry.RTSFoundryTests.test_bad_animation_and_pivots_fail) ... ok
test_collision_keeps_gate_and_market_passages_explicit (test_rts_foundry.RTSFoundryTests.test_collision_keeps_gate_and_market_passages_explicit) ... ok
test_pack_uses_existing_no_overwrite_publication (test_rts_foundry.RTSFoundryTests.test_pack_uses_existing_no_overwrite_publication) ... ok
test_welded_surfaces_preserve_triangles_and_outward_volume (test_rts_foundry.RTSFoundryTests.test_welded_surfaces_preserve_triangles_and_outward_volume) ... ok
test_cli_requires_explicit_runtime_and_font (test_rts_polish.RTSWorkshopPublicationTests.test_cli_requires_explicit_runtime_and_font) ... ok
test_preflight_preserves_existing_output_and_rejects_unbounded_render (test_rts_polish.RTSWorkshopPublicationTests.test_preflight_preserves_existing_output_and_rejects_unbounded_render) ... ok
test_success_exit_without_evidence_cannot_publish (test_rts_polish.RTSWorkshopPublicationTests.test_success_exit_without_evidence_cannot_publish) ... ok
test_existing_hash_collision_or_corruption_is_not_overwritten (test_rts_shared_pack.SharedPackTests.test_existing_hash_collision_or_corruption_is_not_overwritten) ... ok
test_rejects_truncated_source_before_output (test_rts_shared_pack.SharedPackTests.test_rejects_truncated_source_before_output) ... ok
test_relocated_geometry_and_shared_images_are_byte_exact (test_rts_shared_pack.SharedPackTests.test_relocated_geometry_and_shared_images_are_byte_exact) ... ok
test_adoption_creates_daily_recovery_then_installs_registers_and_promotes (test_self_evolution.SelfEvolutionTests.test_adoption_creates_daily_recovery_then_installs_registers_and_promotes) ... ok
test_collision_and_candidate_mutation_hold_before_live_mutation (test_self_evolution.SelfEvolutionTests.test_collision_and_candidate_mutation_hold_before_live_mutation) ... ok
test_live_machine_exposes_explicit_evolution_routes (test_self_evolution.SelfEvolutionTests.test_live_machine_exposes_explicit_evolution_routes) ... ok
test_same_day_adoptions_reuse_one_snapshot_and_whole_body_restore_removes_both (test_self_evolution.SelfEvolutionTests.test_same_day_adoptions_reuse_one_snapshot_and_whole_body_restore_removes_both) ... ok
test_snapshot_operation_is_one_per_day_without_replace (test_self_evolution.SelfEvolutionTests.test_snapshot_operation_is_one_per_day_without_replace) ... ok
test_candidate_body_runs_its_own_build_and_returns_log (test_self_workspace.SelfWorkspaceTests.test_candidate_body_runs_its_own_build_and_returns_log) ... ok
test_candidate_voluntarily_requests_selected_merge_observations (test_self_workspace.SelfWorkspaceTests.test_candidate_voluntarily_requests_selected_merge_observations) ... ok
test_clone_cannot_replace_or_contain_the_live_body (test_self_workspace.SelfWorkspaceTests.test_clone_cannot_replace_or_contain_the_live_body) ... ok
test_clone_is_complete_editable_source_body_without_runtime_surfaces (test_self_workspace.SelfWorkspaceTests.test_clone_is_complete_editable_source_body_without_runtime_surfaces) ... ok
test_live_machine_routes_full_source_clone_without_adopting_it (test_self_workspace.SelfWorkspaceTests.test_live_machine_routes_full_source_clone_without_adopting_it) ... ok
test_neural_experiment_runtime_telemetry_is_not_part_of_source_body (test_self_workspace.SelfWorkspaceTests.test_neural_experiment_runtime_telemetry_is_not_part_of_source_body) ... ok
test_workspace_manager_does_not_invent_candidate_readiness (test_self_workspace.SelfWorkspaceTests.test_workspace_manager_does_not_invent_candidate_readiness) ... ok
test_composed_definition_change_reaches_every_use (test_shape_recipe.ShapeRecipeTests.test_composed_definition_change_reaches_every_use) ... ok
test_composition_holds_missing_cycles_depth_unknown_settings_and_shared_budget (test_shape_recipe.ShapeRecipeTests.test_composition_holds_missing_cycles_depth_unknown_settings_and_shared_budget) ... ok
test_definitions_compose_with_per_use_settings_and_position_paint (test_shape_recipe.ShapeRecipeTests.test_definitions_compose_with_per_use_settings_and_position_paint) ... ok
test_live_capability_publishes_through_existing_validated_glb_path (test_shape_recipe.ShapeRecipeTests.test_live_capability_publishes_through_existing_validated_glb_path) ... ok
test_named_numbers_turn_one_recipe_into_a_family_without_hidden_state (test_shape_recipe.ShapeRecipeTests.test_named_numbers_turn_one_recipe_into_a_family_without_hidden_state) ... ok
test_nested_loops_conditions_and_expressions_expand_into_real_geometry (test_shape_recipe.ShapeRecipeTests.test_nested_loops_conditions_and_expressions_expand_into_real_geometry) ... ok
test_pinned_morphtile_origin_is_visible_without_embedding_its_runtime (test_shape_recipe.ShapeRecipeTests.test_pinned_morphtile_origin_is_visible_without_embedding_its_runtime) ... ok
test_receiver_gaps_hold_instead_of_silently_changing_the_shape (test_shape_recipe.ShapeRecipeTests.test_receiver_gaps_hold_instead_of_silently_changing_the_shape) ... ok
test_runaway_depth_work_and_unknown_expressions_hold_before_publication (test_shape_recipe.ShapeRecipeTests.test_runaway_depth_work_and_unknown_expressions_hold_before_publication) ... ok
test_fake_complete_simulation_with_missing_channel_is_rejected_by_specialist (test_simulation_to_reality.SimulationToRealityTests.test_fake_complete_simulation_with_missing_channel_is_rejected_by_specialist) ... ok
test_malformed_empty_skin_stays_on_typed_hold (test_simulation_to_reality.SimulationToRealityTests.test_malformed_empty_skin_stays_on_typed_hold) ... ok
test_missing_shape_stays_known_gap_instead_of_becoming_fake_completion (test_simulation_to_reality.SimulationToRealityTests.test_missing_shape_stays_known_gap_instead_of_becoming_fake_completion) ... ok
test_paintgun_keeps_material_vocabulary_open_while_channels_remain_explicit (test_simulation_to_reality.SimulationToRealityTests.test_paintgun_keeps_material_vocabulary_open_while_channels_remain_explicit) ... ok
test_paintgun_pulls_exact_simulated_scene_into_reality (test_simulation_to_reality.SimulationToRealityTests.test_paintgun_pulls_exact_simulated_scene_into_reality) ... ok
test_same_thought_reaches_same_digest_and_cinematic_projection (test_simulation_to_reality.SimulationToRealityTests.test_same_thought_reaches_same_digest_and_cinematic_projection) ... ok
test_simulation_improves_until_no_registered_rule_finds_more (test_simulation_to_reality.SimulationToRealityTests.test_simulation_improves_until_no_registered_rule_finds_more) ... ok
test_tampered_thought_cannot_cross_simulation_reality_boundary (test_simulation_to_reality.SimulationToRealityTests.test_tampered_thought_cannot_cross_simulation_reality_boundary) ... ok
test_legacy_snapshot_remains_explicitly_crc_only (test_snapshot.SnapshotTests.test_legacy_snapshot_remains_explicitly_crc_only) ... ok
test_manifest_payload_drift_is_rejected_before_current_body_moves (test_snapshot.SnapshotTests.test_manifest_payload_drift_is_rejected_before_current_body_moves) ... ok
test_manifest_rejects_undeclared_extra_payload (test_snapshot.SnapshotTests.test_manifest_rejects_undeclared_extra_payload) ... ok
test_one_snapshot_per_day_and_restore_quarantines_current_body (test_snapshot.SnapshotTests.test_one_snapshot_per_day_and_restore_quarantines_current_body) ... ok
test_restore_refuses_snapshot_archive_inside_machine_root (test_snapshot.SnapshotTests.test_restore_refuses_snapshot_archive_inside_machine_root) ... ok
test_restore_rejects_symlink_and_case_colliding_entries_before_moving_body (test_snapshot.SnapshotTests.test_restore_rejects_symlink_and_case_colliding_entries_before_moving_body) ... ok
test_snapshot_cannot_overwrite_preserved_git_state (test_snapshot.SnapshotTests.test_snapshot_cannot_overwrite_preserved_git_state) ... ok
test_snapshot_refuses_links_and_output_inside_machine_root (test_snapshot.SnapshotTests.test_snapshot_refuses_links_and_output_inside_machine_root) ... ok
test_direction_set_permutations_have_one_consumer_identity (test_software_direction_donor_parity.SoftwareDirectionDonorParityTests.test_direction_set_permutations_have_one_consumer_identity) ... ok
test_verifier_accepts_semantically_identical_catalogs (test_software_direction_donor_parity.SoftwareDirectionDonorParityTests.test_verifier_accepts_semantically_identical_catalogs) ... ok
test_verifier_fails_closed_on_semantic_catalog_drift (test_software_direction_donor_parity.SoftwareDirectionDonorParityTests.test_verifier_fails_closed_on_semantic_catalog_drift) ... ok
test_verifier_rejects_symlinked_catalog_source (test_software_direction_donor_parity.SoftwareDirectionDonorParityTests.test_verifier_rejects_symlinked_catalog_source) ... ok
test_catalog_contains_all_donor_direction_profiles_and_axes (test_software_directions.SoftwareDirectionTests.test_catalog_contains_all_donor_direction_profiles_and_axes) ... ok
test_explicit_direction_selection_enriches_anatomy_terms (test_software_directions.SoftwareDirectionTests.test_explicit_direction_selection_enriches_anatomy_terms) ... ok
test_explicit_game_multiplayer_stack_combines_needs_with_sources (test_software_directions.SoftwareDirectionTests.test_explicit_game_multiplayer_stack_combines_needs_with_sources) ... ok
test_rts_suggestions_are_candidates_not_selection (test_software_directions.SoftwareDirectionTests.test_rts_suggestions_are_candidates_not_selection) ... ok
test_suggestions_alone_do_not_enrich_anatomy (test_software_directions.SoftwareDirectionTests.test_suggestions_alone_do_not_enrich_anatomy) ... ok
test_unknown_direction_is_visible_and_does_not_become_context (test_software_directions.SoftwareDirectionTests.test_unknown_direction_is_visible_and_does_not_become_context) ... ok
test_publish_and_cli_refuse_overwrite (test_software_glb_preview.SoftwareGlbPreviewTests.test_publish_and_cli_refuse_overwrite) ... ok
test_renders_deterministic_geometry_bound_png (test_software_glb_preview.SoftwareGlbPreviewTests.test_renders_deterministic_geometry_bound_png) ... ok
test_unknown_clip_and_bounds_fail (test_software_glb_preview.SoftwareGlbPreviewTests.test_unknown_clip_and_bounds_fail) ... ok
test_complete_parallel_field_shows_exactly_two_finalists_before_points (test_specialist_tournament.SpecialistTournamentTests.test_complete_parallel_field_shows_exactly_two_finalists_before_points) ... ok
test_context_history_does_not_claim_universal_fit (test_specialist_tournament.SpecialistTournamentTests.test_context_history_does_not_claim_universal_fit) ... ok
test_declared_maximum_pool_can_reach_full_forty_profiles (test_specialist_tournament.SpecialistTournamentTests.test_declared_maximum_pool_can_reach_full_forty_profiles) ... ok
test_finalist_vote_adds_exactly_one_point_to_each_winning_member_and_is_idempotent (test_specialist_tournament.SpecialistTournamentTests.test_finalist_vote_adds_exactly_one_point_to_each_winning_member_and_is_idempotent) ... ok
test_live_machine_routes_specialist_tournament_without_faking_reasoning (test_specialist_tournament.SpecialistTournamentTests.test_live_machine_routes_specialist_tournament_without_faking_reasoning) ... ok
test_partial_judging_cannot_fake_two_finalists (test_specialist_tournament.SpecialistTournamentTests.test_partial_judging_cannot_fake_two_finalists) ... ok
test_pool_profiles_are_detailed_and_need_specific (test_specialist_tournament.SpecialistTournamentTests.test_pool_profiles_are_detailed_and_need_specific) ... ok
test_small_universal_only_pool_keeps_registry_context_without_forcing_derived_profiles (test_specialist_tournament.SpecialistTournamentTests.test_small_universal_only_pool_keeps_registry_context_without_forcing_derived_profiles) ... ok
test_team_generation_preserves_best_middle_low_mixed_and_many_combinations (test_specialist_tournament.SpecialistTournamentTests.test_team_generation_preserves_best_middle_low_mixed_and_many_combinations) ... ok
test_winning_specialists_rise_for_same_context_but_low_and_mixed_challengers_remain (test_specialist_tournament.SpecialistTournamentTests.test_winning_specialists_rise_for_same_context_but_low_and_mixed_challengers_remain) ... ok
test_all_recovered_capabilities_are_live_and_have_known_entrypoints (test_standalone_creation_migration.StandaloneCreationMigrationTests.test_all_recovered_capabilities_are_live_and_have_known_entrypoints) ... ok
test_boundary_capabilities_remain_explicit_and_inspectable_without_calling_a_provider (test_standalone_creation_migration.StandaloneCreationMigrationTests.test_boundary_capabilities_remain_explicit_and_inspectable_without_calling_a_provider) ... ok
test_decomposition_reports_exact_route_input_gap_instead_of_false_coverage (test_standalone_creation_migration.StandaloneCreationMigrationTests.test_decomposition_reports_exact_route_input_gap_instead_of_false_coverage) ... ok
test_operation_specific_required_inputs_are_enforced (test_standalone_creation_migration.StandaloneCreationMigrationTests.test_operation_specific_required_inputs_are_enforced) ... ok
test_existing_capability_gap_already_preserves_current_boundary_language (test_state_direction_reachability.StateDirectionReachabilityTests.test_existing_capability_gap_already_preserves_current_boundary_language) ... ok
test_framing_is_deterministic_and_has_zero_automatic_authority (test_state_direction_reachability.StateDirectionReachabilityTests.test_framing_is_deterministic_and_has_zero_automatic_authority) ... ok
test_known_route_and_observed_constraint_are_distinct_states (test_state_direction_reachability.StateDirectionReachabilityTests.test_known_route_and_observed_constraint_are_distinct_states) ... ok
test_prompt_is_direction_source_not_literal_machine_code_claim (test_state_direction_reachability.StateDirectionReachabilityTests.test_prompt_is_direction_source_not_literal_machine_code_claim) ... ok
test_unknown_current_path_is_not_fundamental_impossibility (test_state_direction_reachability.StateDirectionReachabilityTests.test_unknown_current_path_is_not_fundamental_impossibility) ... ok
test_compile_and_replay_are_deterministic_and_effects_stay_inert (test_state_machine_runtime.StateMachineRuntimeTests.test_compile_and_replay_are_deterministic_and_effects_stay_inert) ... ok
test_duplicate_state_event_pair_is_rejected_as_nondeterministic (test_state_machine_runtime.StateMachineRuntimeTests.test_duplicate_state_event_pair_is_rejected_as_nondeterministic) ... ok
test_operation_specific_inputs_are_reported_before_invocation (test_state_machine_runtime.StateMachineRuntimeTests.test_operation_specific_inputs_are_reported_before_invocation) ... ok
test_unknown_transition_holds_without_guessing_or_changing_state (test_state_machine_runtime.StateMachineRuntimeTests.test_unknown_transition_holds_without_guessing_or_changing_state) ... ok
test_budget_excess_is_fail_not_automatic_optimization (test_static_asset_budget.StaticAssetBudgetTests.test_budget_excess_is_fail_not_automatic_optimization) ... ok
test_contract_is_closed_and_requires_a_limit (test_static_asset_budget.StaticAssetBudgetTests.test_contract_is_closed_and_requires_a_limit) ... ok
test_deformation_holds_outside_static_scope (test_static_asset_budget.StaticAssetBudgetTests.test_deformation_holds_outside_static_scope) ... ok
test_external_images_hold_and_are_never_fetched (test_static_asset_budget.StaticAssetBudgetTests.test_external_images_hold_and_are_never_fetched) ... ok
test_instanced_mesh_counts_each_default_scene_draw_surface (test_static_asset_budget.StaticAssetBudgetTests.test_instanced_mesh_counts_each_default_scene_draw_surface) ... ok
test_measures_real_default_scene_and_passes_explicit_budget (test_static_asset_budget.StaticAssetBudgetTests.test_measures_real_default_scene_and_passes_explicit_budget) ... ok
test_artifact_hash_mismatch_fails_before_lane_promotion (test_static_asset_target_evidence.StaticAssetTargetEvidenceTests.test_artifact_hash_mismatch_fails_before_lane_promotion) ... ok
test_complete_bound_required_packet_passes_only_as_evidence_gate (test_static_asset_target_evidence.StaticAssetTargetEvidenceTests.test_complete_bound_required_packet_passes_only_as_evidence_gate) ... ok
test_contract_rejects_unknown_or_ambiguous_fields (test_static_asset_target_evidence.StaticAssetTargetEvidenceTests.test_contract_rejects_unknown_or_ambiguous_fields) ... ok
test_invalid_glb_fails_without_treating_hash_binding_as_structure (test_static_asset_target_evidence.StaticAssetTargetEvidenceTests.test_invalid_glb_fails_without_treating_hash_binding_as_structure) ... ok
test_missing_required_lane_holds_instead_of_inference (test_static_asset_target_evidence.StaticAssetTargetEvidenceTests.test_missing_required_lane_holds_instead_of_inference) ... ok
test_not_tested_required_lane_holds (test_static_asset_target_evidence.StaticAssetTargetEvidenceTests.test_not_tested_required_lane_holds) ... ok
test_pass_with_only_source_inspection_is_not_promoted (test_static_asset_target_evidence.StaticAssetTargetEvidenceTests.test_pass_with_only_source_inspection_is_not_promoted) ... ok
test_supplied_failure_blocks_even_when_lane_is_optional (test_static_asset_target_evidence.StaticAssetTargetEvidenceTests.test_supplied_failure_blocks_even_when_lane_is_optional) ... ok
test_visual_equivalence_requires_visual_inspection (test_static_asset_target_evidence.StaticAssetTargetEvidenceTests.test_visual_equivalence_requires_visual_inspection) ... ok
test_weak_optional_pass_holds_whole_packet (test_static_asset_target_evidence.StaticAssetTargetEvidenceTests.test_weak_optional_pass_holds_whole_packet) ... ok
test_analysis_only_step_requires_explicit_external_result_then_post_review (test_stepwise_workflow.StepwisePerspectiveWorkflowTests.test_analysis_only_step_requires_explicit_external_result_then_post_review) ... ok
test_any_perspective_can_force_broad_step_to_split (test_stepwise_workflow.StepwisePerspectiveWorkflowTests.test_any_perspective_can_force_broad_step_to_split) ... ok
test_instant_run_still_records_pre_result_post_for_every_step (test_stepwise_workflow.StepwisePerspectiveWorkflowTests.test_instant_run_still_records_pre_result_post_for_every_step) ... ok
test_live_machine_routes_stepwise_workflow (test_stepwise_workflow.StepwisePerspectiveWorkflowTests.test_live_machine_routes_stepwise_workflow) ... ok
test_missing_live_action_route_holds_instead_of_inventing_execution (test_stepwise_workflow.StepwisePerspectiveWorkflowTests.test_missing_live_action_route_holds_instead_of_inventing_execution) ... ok
test_pre_execute_post_chronology_for_live_capability_step (test_stepwise_workflow.StepwisePerspectiveWorkflowTests.test_pre_execute_post_chronology_for_live_capability_step) ... ok
test_prepare_uses_parallel_perspectives_without_claiming_a_plan_exists (test_stepwise_workflow.StepwisePerspectiveWorkflowTests.test_prepare_uses_parallel_perspectives_without_claiming_a_plan_exists) ... ok
test_bad_library_is_atomic_and_cannot_smuggle_unrelated_definitions (test_sticker_assemblies.AssemblyTests.test_bad_library_is_atomic_and_cannot_smuggle_unrelated_definitions) ... ok
test_batch_collision_rolls_back_all_prior_items (test_sticker_assemblies.AssemblyTests.test_batch_collision_rolls_back_all_prior_items) ... ok
test_embedded_texture_channels_remap_to_second_source_exactly (test_sticker_assemblies.AssemblyTests.test_embedded_texture_channels_remap_to_second_source_exactly) ... ok
test_human_and_machine_cli_save_and_reload_the_same_requests (test_sticker_assemblies.AssemblyTests.test_human_and_machine_cli_save_and_reload_the_same_requests) ... ok
test_invalid_groups_not_saved_and_expansion_is_bounded (test_sticker_assemblies.AssemblyTests.test_invalid_groups_not_saved_and_expansion_is_bounded) ... ok
test_library_closure_reimports_without_original_database (test_sticker_assemblies.AssemblyTests.test_library_closure_reimports_without_original_database) ... ok
test_many_geometry_instances_share_resources (test_sticker_assemblies.AssemblyTests.test_many_geometry_instances_share_resources) ... ok
test_nested_group_is_editable_and_instances_have_independent_motion (test_sticker_assemblies.AssemblyTests.test_nested_group_is_editable_and_instances_have_independent_motion) ... ok
test_selected_source_animation_retained_in_assembly_clip (test_sticker_assemblies.AssemblyTests.test_selected_source_animation_retained_in_assembly_clip) ... ok
test_two_source_resource_offsets_preserve_material_and_vertices (test_sticker_assemblies.AssemblyTests.test_two_source_resource_offsets_preserve_material_and_vertices) ... ok
test_aabb_overlap_does_not_fake_real_contact (test_sticker_clearance_contact.StickerClearanceContactTests.test_aabb_overlap_does_not_fake_real_contact) ... ok
test_bounded_all_pairs_scan_keeps_relationships_explicit (test_sticker_clearance_contact.StickerClearanceContactTests.test_bounded_all_pairs_scan_keeps_relationships_explicit) ... ok
test_containment_is_penetration_even_with_positive_surface_distance (test_sticker_clearance_contact.StickerClearanceContactTests.test_containment_is_penetration_even_with_positive_surface_distance) ... ok
test_face_touching_boxes_are_touching_not_penetrating (test_sticker_clearance_contact.StickerClearanceContactTests.test_face_touching_boxes_are_touching_not_penetrating) ... ok
test_machine_and_json_cli_return_same_pair_report_digest (test_sticker_clearance_contact.StickerClearanceContactTests.test_machine_and_json_cli_return_same_pair_report_digest) ... ok
test_multiplied_wrapper_flattens_before_clearance_measurement (test_sticker_clearance_contact.StickerClearanceContactTests.test_multiplied_wrapper_flattens_before_clearance_measurement) ... ok
test_rotated_part_uses_actual_world_triangles (test_sticker_clearance_contact.StickerClearanceContactTests.test_rotated_part_uses_actual_world_triangles) ... ok
test_separated_boxes_report_true_triangle_clearance (test_sticker_clearance_contact.StickerClearanceContactTests.test_separated_boxes_report_true_triangle_clearance) ... ok
test_sketch_bound_minimum_clearance_can_pass_and_fail_without_rewriting_sketch (test_sticker_clearance_contact.StickerClearanceContactTests.test_sketch_bound_minimum_clearance_can_pass_and_fail_without_rewriting_sketch) ... ok
test_creative_dependency_depth_remains_bounded (test_sticker_creative_library.CreativeLibraryTests.test_creative_dependency_depth_remains_bounded) ... ok
test_dependency_pin_and_missing_source_fail_without_partial_import (test_sticker_creative_library.CreativeLibraryTests.test_dependency_pin_and_missing_source_fail_without_partial_import) ... ok
test_diamond_dependencies_are_saved_once_and_reimport_without_uc (test_sticker_creative_library.CreativeLibraryTests.test_diamond_dependencies_are_saved_once_and_reimport_without_uc) ... ok
test_shared_dependency_cannot_hide_a_longer_path (test_sticker_creative_library.CreativeLibraryTests.test_shared_dependency_cannot_hide_a_longer_path) ... ok
test_accessor_metadata_cannot_fake_actual_caliper_bounds (test_sticker_geometry_calipers.StickerGeometryCaliperTests.test_accessor_metadata_cannot_fake_actual_caliper_bounds) ... ok
test_actual_triangle_geometry_closes_the_prior_size_hold (test_sticker_geometry_calipers.StickerGeometryCaliperTests.test_actual_triangle_geometry_closes_the_prior_size_hold) ... ok
test_explicit_placement_scale_changes_real_measured_size (test_sticker_geometry_calipers.StickerGeometryCaliperTests.test_explicit_placement_scale_changes_real_measured_size) ... ok
test_machine_and_json_cli_return_same_geometry_report (test_sticker_geometry_calipers.StickerGeometryCaliperTests.test_machine_and_json_cli_return_same_geometry_report) ... ok
test_multiplied_wrapper_flattens_into_actual_nested_dimensions (test_sticker_geometry_calipers.StickerGeometryCaliperTests.test_multiplied_wrapper_flattens_into_actual_nested_dimensions) ... ok
test_non_metre_sketch_holds_instead_of_guessing_conversion (test_sticker_geometry_calipers.StickerGeometryCaliperTests.test_non_metre_sketch_holds_instead_of_guessing_conversion) ... ok
test_rotation_does_not_swap_local_caliper_axes (test_sticker_geometry_calipers.StickerGeometryCaliperTests.test_rotation_does_not_swap_local_caliper_axes) ... ok
test_invalid_late_variant_leaves_no_partial_batch (test_sticker_multiplier.StickerMultiplierTests.test_invalid_late_variant_leaves_no_partial_batch) ... ok
test_matrix_preview_and_atomic_save_create_four_reusable_wrappers (test_sticker_multiplier.StickerMultiplierTests.test_matrix_preview_and_atomic_save_create_four_reusable_wrappers) ... ok
test_sticker_create_uses_same_saved_multiplication_request (test_sticker_multiplier.StickerMultiplierTests.test_sticker_create_uses_same_saved_multiplication_request) ... ok
test_universal_creation_machine_routes_multiplier_to_external_registry (test_sticker_multiplier.StickerMultiplierTests.test_universal_creation_machine_routes_multiplier_to_external_registry) ... ok
test_3d_rotated_mount_scaling_and_socket_mismatch (test_stickers.StickerCoreTests.test_3d_rotated_mount_scaling_and_socket_mismatch) ... ok
test_bundle_preserves_exact_assets_and_provenance_across_programs (test_stickers.StickerCoreTests.test_bundle_preserves_exact_assets_and_provenance_across_programs) ... ok
test_core_is_importable_without_uc_or_other_dependencies (test_stickers.StickerCoreTests.test_core_is_importable_without_uc_or_other_dependencies) ... ok
test_immutable_versions_and_pinned_independent_instances (test_stickers.StickerCoreTests.test_immutable_versions_and_pinned_independent_instances) ... ok
test_missing_assets_and_bad_digest_leave_no_partial_entry (test_stickers.StickerCoreTests.test_missing_assets_and_bad_digest_leave_no_partial_entry) ... ok
test_parameters_are_declared_bounded_and_not_arbitrary_mutations (test_stickers.StickerCoreTests.test_parameters_are_declared_bounded_and_not_arbitrary_mutations) ... ok
test_registry_index_filters_and_pagination (test_stickers.StickerCoreTests.test_registry_index_filters_and_pagination) ... ok
test_source_hash_and_wrong_database_are_checked (test_stickers.StickerCoreTests.test_source_hash_and_wrong_database_are_checked) ... ok
test_animated_attachment_roundtrip_preserves_geometry_materials_and_source (test_stickers.StickerGLBTests.test_animated_attachment_roundtrip_preserves_geometry_materials_and_source) ... ok
test_duplicate_ids_bad_parameters_and_work_bounds_fail (test_stickers.StickerRenderingTests.test_duplicate_ids_bad_parameters_and_work_bounds_fail) ... ok
test_opacity_overlap_and_cache_reuse (test_stickers.StickerRenderingTests.test_opacity_overlap_and_cache_reuse) ... ok
test_source_file_loss_and_scene_replay_with_editable_instances (test_stickers.StickerRenderingTests.test_source_file_loss_and_scene_replay_with_editable_instances) ... ok
test_translated_scaled_rotated_2d_pixels_and_no_source_mutation (test_stickers.StickerRenderingTests.test_translated_scaled_rotated_2d_pixels_and_no_source_mutation) ... ok
test_blend_mode_analytical_fixtures (test_studio_compositor.StudioCompositorTests.test_blend_mode_analytical_fixtures) ... ok
test_catalog_matches_executed_donor (test_studio_compositor.StudioCompositorTests.test_catalog_matches_executed_donor) ... ok
test_cli_publication (test_studio_compositor.StudioCompositorTests.test_cli_publication) ... ok
test_fail_closed_unsupported_and_budgets (test_studio_compositor.StudioCompositorTests.test_fail_closed_unsupported_and_budgets) ... ok
test_fractional_alpha_and_order (test_studio_compositor.StudioCompositorTests.test_fractional_alpha_and_order) ... ok
test_invalid_paths_and_reserved_source_ids (test_studio_compositor.StudioCompositorTests.test_invalid_paths_and_reserved_source_ids) ... ok
test_masks_offsets_and_hidden_layer (test_studio_compositor.StudioCompositorTests.test_masks_offsets_and_hidden_layer) ... ok
test_point_filters_known_results (test_studio_compositor.StudioCompositorTests.test_point_filters_known_results) ... ok
test_profile_and_corrupt_png_rejected (test_studio_compositor.StudioCompositorTests.test_profile_and_corrupt_png_rejected) ... ok
test_publish_replays_and_preserves_exact_sources_and_request (test_studio_compositor.StudioCompositorTests.test_publish_replays_and_preserves_exact_sources_and_request) ... ok
test_spatial_filters_and_global_filter (test_studio_compositor.StudioCompositorTests.test_spatial_filters_and_global_filter) ... ok
test_timeout_and_failed_publish_leave_no_output (test_studio_compositor.StudioCompositorTests.test_timeout_and_failed_publish_leave_no_output) ... ok
test_catalog_and_missing_runtime_are_truthful (test_studio_compositor.StudioRecoveryTests.test_catalog_and_missing_runtime_are_truthful) ... ok
test_invalid_edit_is_transactional (test_studio_compositor.StudioRecoveryTests.test_invalid_edit_is_transactional) ... ok
test_layer_edits_preserve_project_and_source_links (test_studio_compositor.StudioRecoveryTests.test_layer_edits_preserve_project_and_source_links) ... ok
test_original_files_match_pinned_git_blobs (test_studio_compositor.StudioRecoveryTests.test_original_files_match_pinned_git_blobs) ... ok
test_surface_contract_rejects_bad_geometry_before_publication (test_surface_workshop.SurfaceWorkshopTests.test_surface_contract_rejects_bad_geometry_before_publication) ... ok
test_surface_export_is_repeatable_and_native_primitives_stay_independent (test_surface_workshop.SurfaceWorkshopTests.test_surface_export_is_repeatable_and_native_primitives_stay_independent) ... ok
test_workshop_executes_existing_transactional_project_route (test_surface_workshop.SurfaceWorkshopTests.test_workshop_executes_existing_transactional_project_route) ... ok
test_workshop_preserves_original_exported_geometry_and_colors (test_surface_workshop.SurfaceWorkshopTests.test_workshop_preserves_original_exported_geometry_and_colors) ... ok
test_current_topology_baseline_is_measured_not_invented (test_topology.KernelTopologyTests.test_current_topology_baseline_is_measured_not_invented) ... ok
test_exact_graph_crosswalk_enters_declared_kernel_dependencies (test_topology.KernelTopologyTests.test_exact_graph_crosswalk_enters_declared_kernel_dependencies) ... ok
test_machine_can_inspect_topology_from_master_or_core_side (test_topology.KernelTopologyTests.test_machine_can_inspect_topology_from_master_or_core_side) ... ok
test_planner_uses_kernel_graph_when_selected_anatomy_has_exact_bridge (test_topology.KernelTopologyTests.test_planner_uses_kernel_graph_when_selected_anatomy_has_exact_bridge) ... ok
test_weaker_scene_graph_similarity_is_visible_but_not_traversable (test_topology.KernelTopologyTests.test_weaker_scene_graph_similarity_is_visible_but_not_traversable) ... ok
test_imported_rotated_receiver_repeated_face_regression (test_triangle_queries.TriangleQueryTests.test_imported_rotated_receiver_repeated_face_regression) ... ok
test_nonfinite_coordinates_and_invalid_indices_are_rejected (test_triangle_queries.TriangleQueryTests.test_nonfinite_coordinates_and_invalid_indices_are_rejected) ... ok
test_open_or_degenerate_surfaces_are_rejected (test_triangle_queries.TriangleQueryTests.test_open_or_degenerate_surfaces_are_rejected) ... ok
test_positive_negative_boundary_and_outside_inside_aabb (test_triangle_queries.TriangleQueryTests.test_positive_negative_boundary_and_outside_inside_aabb) ... ok
test_reversing_face_winding_preserves_classification (test_triangle_queries.TriangleQueryTests.test_reversing_face_winding_preserves_classification) ... ok
test_rigid_transform_and_scale_do_not_turn_outside_into_inside (test_triangle_queries.TriangleQueryTests.test_rigid_transform_and_scale_do_not_turn_outside_into_inside) ... ok
test_sub_resolution_separate_crossings_hold_instead_of_becoming_one_hit (test_triangle_queries.TriangleQueryTests.test_sub_resolution_separate_crossings_hold_instead_of_becoming_one_hit) ... ok
test_tolerance_boundary_is_not_strict_penetration (test_triangle_queries.TriangleQueryTests.test_tolerance_boundary_is_not_strict_penetration) ... ok
test_model_source_context_follows_experience_into_learning_intake (test_uc_waldo_wiring_proof.UCWaldoWiringProofTests.test_model_source_context_follows_experience_into_learning_intake) ... ok
test_nested_capability_observation_inherits_source_scope_without_input_mutation (test_uc_waldo_wiring_proof.UCWaldoWiringProofTests.test_nested_capability_observation_inherits_source_scope_without_input_mutation) ... ok
test_neural_growth_diagnostic_requires_real_complete_run (test_uc_waldo_wiring_proof.UCWaldoWiringProofTests.test_neural_growth_diagnostic_requires_real_complete_run) ... ok
test_neural_link_enable_starts_at_current_experience_boundary (test_uc_waldo_wiring_proof.UCWaldoWiringProofTests.test_neural_link_enable_starts_at_current_experience_boundary) ... ok
test_repeated_identical_experiences_remain_distinct_occurrences (test_uc_waldo_wiring_proof.UCWaldoWiringProofTests.test_repeated_identical_experiences_remain_distinct_occurrences) ... ok
test_representative_uc_paths_reach_openwaldo_intake (test_uc_waldo_wiring_proof.UCWaldoWiringProofTests.test_representative_uc_paths_reach_openwaldo_intake) ... ok
test_fetch_writes_only_proposal_state_and_preserves_machine_contract (test_universal_creation_beacon.UniversalCreationBeaconTests.test_fetch_writes_only_proposal_state_and_preserves_machine_contract) ... ok
test_outputs_snapshots_private_and_reference_state_cannot_leak (test_universal_creation_beacon.UniversalCreationBeaconTests.test_outputs_snapshots_private_and_reference_state_cannot_leak) ... ok
test_real_creation_change_publishes_reproducibly_and_surfaces_domain_signal (test_universal_creation_beacon.UniversalCreationBeaconTests.test_real_creation_change_publishes_reproducibly_and_surfaces_domain_signal) ... ok
test_receiver_ranks_the_exact_discovery_buddy_reference_capsule (test_universal_creation_beacon.UniversalCreationBeaconTests.test_receiver_ranks_the_exact_discovery_buddy_reference_capsule) ... ok
test_tampered_capsule_and_patch_are_rejected (test_universal_creation_beacon.UniversalCreationBeaconTests.test_tampered_capsule_and_patch_are_rejected) ... ok
test_ambiguous_scale_state_holds_instead_of_guessing (test_vector_cells.VectorCellFabricTests.test_ambiguous_scale_state_holds_instead_of_guessing) ... ok
test_choice_changes_expression_without_changing_cell_identity (test_vector_cells.VectorCellFabricTests.test_choice_changes_expression_without_changing_cell_identity) ... ok
test_duplicate_cell_identity_is_rejected (test_vector_cells.VectorCellFabricTests.test_duplicate_cell_identity_is_rejected) ... ok
test_resolution_is_deterministic_for_same_scale_and_choice (test_vector_cells.VectorCellFabricTests.test_resolution_is_deterministic_for_same_scale_and_choice) ... ok
test_resolved_cells_flow_through_simulation_and_paintgun (test_vector_cells.VectorCellFabricTests.test_resolved_cells_flow_through_simulation_and_paintgun) ... ok
test_same_cell_merges_far_and_splits_close (test_vector_cells.VectorCellFabricTests.test_same_cell_merges_far_and_splits_close) ... ok
test_catalog_exposes_real_choices_and_truth_boundary (test_vehicle_art_direction.VehicleArtDirectionTests.test_catalog_exposes_real_choices_and_truth_boundary) ... ok
test_cli_catalog_and_compose_use_the_same_public_surface (test_vehicle_art_direction.VehicleArtDirectionTests.test_cli_catalog_and_compose_use_the_same_public_surface) ... ok
test_compile_resolves_custom_slots_and_upgrade_variants (test_vehicle_art_direction.VehicleArtDirectionTests.test_compile_resolves_custom_slots_and_upgrade_variants) ... ok
test_invalid_choices_fail_closed (test_vehicle_art_direction.VehicleArtDirectionTests.test_invalid_choices_fail_closed) ... ok
test_publication_contains_actual_verified_glb (test_vehicle_art_direction.VehicleArtDirectionTests.test_publication_contains_actual_verified_glb) ... ok
test_realization_is_deterministic_preserves_source_and_adds_real_marking_geometry (test_vehicle_art_direction.VehicleArtDirectionTests.test_realization_is_deterministic_preserves_source_and_adds_real_marking_geometry) ... ok
test_aaa_assessment_requires_technical_and_bound_visual_pass (test_visual_3d.Visual3DForgeTests.test_aaa_assessment_requires_technical_and_bound_visual_pass) ... ok
test_bridge_routes_3d_planning_without_starting_renderer (test_visual_3d.Visual3DForgeTests.test_bridge_routes_3d_planning_without_starting_renderer) ... ok
test_catalog_exposes_engine_ready_outputs_and_runtime_truth (test_visual_3d.Visual3DForgeTests.test_catalog_exposes_engine_ready_outputs_and_runtime_truth) ... ok
test_failed_review_replays_only_in_exact_3d_context (test_visual_3d.Visual3DForgeTests.test_failed_review_replays_only_in_exact_3d_context) ... ok
test_inspector_decodes_real_glb_structure_and_triangles (test_visual_3d.Visual3DForgeTests.test_inspector_decodes_real_glb_structure_and_triangles) ... ok
test_normalized_request_round_trip_preserves_render_quality (test_visual_3d.Visual3DForgeTests.test_normalized_request_round_trip_preserves_render_quality) ... ok
test_request_is_faction_bound_and_has_lod_collision_requirements (test_visual_3d.Visual3DForgeTests.test_request_is_faction_bound_and_has_lod_collision_requirements) ... ok
test_runtime_provisioner_verifies_and_reuses_portable_archive (test_visual_3d.Visual3DForgeTests.test_runtime_provisioner_verifies_and_reuses_portable_archive) ... ok
test_active_writer_rejected_and_lock_released (test_visual_3d_iteration.IterationTests.test_active_writer_rejected_and_lock_released) ... ok
test_attempt_limit_never_becomes_success (test_visual_3d_iteration.IterationTests.test_attempt_limit_never_becomes_success) ... ok
test_cli_and_bridge_routing (test_visual_3d_iteration.IterationTests.test_cli_and_bridge_routing) ... ok
test_defaults_identity_and_read_only_plan (test_visual_3d_iteration.IterationTests.test_defaults_identity_and_read_only_plan) ... ok
test_existing_version_is_not_overwritten (test_visual_3d_iteration.IterationTests.test_existing_version_is_not_overwritten) ... ok
test_failure_replays_lesson_in_exact_context_and_repeats_stage (test_visual_3d_iteration.IterationTests.test_failure_replays_lesson_in_exact_context_and_repeats_stage) ... ok
test_full_workflow_requires_seven_distinct_reviewed_versions (test_visual_3d_iteration.IterationTests.test_full_workflow_requires_seven_distinct_reviewed_versions) ... ok
test_interrupted_forge_resumes_without_overwriting (test_visual_3d_iteration.IterationTests.test_interrupted_forge_resumes_without_overwriting) ... ok
test_manifest_replacement_rejected (test_visual_3d_iteration.IterationTests.test_manifest_replacement_rejected) ... ok
test_missing_duplicate_and_foreign_views_do_not_mutate_learning (test_visual_3d_iteration.IterationTests.test_missing_duplicate_and_foreign_views_do_not_mutate_learning) ... ok
test_pending_review_blocks_forge (test_visual_3d_iteration.IterationTests.test_pending_review_blocks_forge) ... ok
test_regression_returns_to_earliest_failed_stage (test_visual_3d_iteration.IterationTests.test_regression_returns_to_earliest_failed_stage) ... ok
test_renderer_failure_preserved_and_next_attempt_has_new_directory (test_visual_3d_iteration.IterationTests.test_renderer_failure_preserved_and_next_attempt_has_new_directory) ... ok
test_single_failed_angle_holds_stage (test_visual_3d_iteration.IterationTests.test_single_failed_angle_holds_stage) ... ok
test_tampered_asset_is_rejected_and_can_be_released_without_deletion (test_visual_3d_iteration.IterationTests.test_tampered_asset_is_rejected_and_can_be_released_without_deletion) ... ok
test_technical_failure_uses_actual_files_not_forge_return_value (test_visual_3d_iteration.IterationTests.test_technical_failure_uses_actual_files_not_forge_return_value) ... ok
test_unchanged_revision_does_not_count_as_progress (test_visual_3d_iteration.IterationTests.test_unchanged_revision_does_not_count_as_progress) ... ok
test_wrong_context_or_escaped_artifact_fails_before_review (test_visual_3d_iteration.IterationTests.test_wrong_context_or_escaped_artifact_fails_before_review) ... ok
test_catalog_only_lists_executable_families (test_visual_assets.VisualAssetTests.test_catalog_only_lists_executable_families) ... ok
test_cli_generates_asset (test_visual_assets.VisualAssetTests.test_cli_generates_asset) ... ok
test_every_catalog_entry_really_generates (test_visual_assets.VisualAssetTests.test_every_catalog_entry_really_generates) ... ok
test_material_pack_emits_pbr_channels (test_visual_assets.VisualAssetTests.test_material_pack_emits_pbr_channels) ... ok
test_starter_kit_has_manifest_and_multiple_real_asset_types (test_visual_assets.VisualAssetTests.test_starter_kit_has_manifest_and_multiple_real_asset_types) ... ok
test_texture_is_real_png_and_deterministic (test_visual_assets.VisualAssetTests.test_texture_is_real_png_and_deterministic) ... ok
test_bridge_compiles_recipe_without_output_path (test_visual_creation_grammar.VisualCreationGrammarTests.test_bridge_compiles_recipe_without_output_path) ... ok
test_catalog_collapses_command_vocabulary_into_axes (test_visual_creation_grammar.VisualCreationGrammarTests.test_catalog_collapses_command_vocabulary_into_axes) ... ok
test_cli_plan_reads_structured_json (test_visual_creation_grammar.VisualCreationGrammarTests.test_cli_plan_reads_structured_json) ... ok
test_invalid_alias_and_mode_fail_closed (test_visual_creation_grammar.VisualCreationGrammarTests.test_invalid_alias_and_mode_fail_closed) ... ok
test_png_inspection_distinguishes_preview_appearance_from_actual_alpha (test_visual_creation_grammar.VisualCreationGrammarTests.test_png_inspection_distinguishes_preview_appearance_from_actual_alpha) ... ok
test_same_structured_request_replays_exactly (test_visual_creation_grammar.VisualCreationGrammarTests.test_same_structured_request_replays_exactly) ... ok
test_temporal_storyboard_is_exact_and_duration_bound (test_visual_creation_grammar.VisualCreationGrammarTests.test_temporal_storyboard_is_exact_and_duration_bound) ... ok
test_visual_learning_stays_context_bound_and_explicit_scene_wins (test_visual_creation_grammar.VisualCreationGrammarTests.test_visual_learning_stays_context_bound_and_explicit_scene_wins) ... ok
test_visual_use_updates_compact_context_profile_and_replays_lesson (test_visual_creation_grammar.VisualCreationGrammarTests.test_visual_use_updates_compact_context_profile_and_replays_lesson) ... ok
test_catalog_has_large_executable_expansion (test_visual_expanded.VisualExpansionTests.test_catalog_has_large_executable_expansion) ... ok
test_cli_generates_smart_pigment_and_sprite (test_visual_expanded.VisualExpansionTests.test_cli_generates_smart_pigment_and_sprite) ... ok
test_every_expansion_catalog_entry_really_generates (test_visual_expanded.VisualExpansionTests.test_every_expansion_catalog_entry_really_generates) ... ok
test_expansion_kit_has_every_new_asset_class (test_visual_expanded.VisualExpansionTests.test_expansion_kit_has_every_new_asset_class) ... ok
test_pigment_pack_has_pbr_and_smart_masks (test_visual_expanded.VisualExpansionTests.test_pigment_pack_has_pbr_and_smart_masks) ... ok
test_all_five_machine_documents_are_cross_validated (test_visual_state_prompt_atlas.VisualStatePromptAtlasTests.test_all_five_machine_documents_are_cross_validated) ... ok
test_caller_resolution_is_recorded_but_not_promoted_to_proof (test_visual_state_prompt_atlas.VisualStatePromptAtlasTests.test_caller_resolution_is_recorded_but_not_promoted_to_proof) ... ok
test_cli_and_bridge_expose_read_only_catalog_and_compiler (test_visual_state_prompt_atlas.VisualStatePromptAtlasTests.test_cli_and_bridge_expose_read_only_catalog_and_compiler) ... ok
test_cross_media_output_preserves_missing_animation_and_3d_state (test_visual_state_prompt_atlas.VisualStatePromptAtlasTests.test_cross_media_output_preserves_missing_animation_and_3d_state) ... ok
test_opposing_camera_state_holds_but_sequence_mode_is_explicit (test_visual_state_prompt_atlas.VisualStatePromptAtlasTests.test_opposing_camera_state_holds_but_sequence_mode_is_explicit) ... ok
test_overrides_are_schema_validated_and_visible_in_contributions (test_visual_state_prompt_atlas.VisualStatePromptAtlasTests.test_overrides_are_schema_validated_and_visible_in_contributions) ... ok
test_ranked_quality_aliases_merge_without_last_write_wins (test_visual_state_prompt_atlas.VisualStatePromptAtlasTests.test_ranked_quality_aliases_merge_without_last_write_wins) ... ok
test_readable_table_covers_every_command_without_source_graphics (test_visual_state_prompt_atlas.VisualStatePromptAtlasTests.test_readable_table_covers_every_command_without_source_graphics) ... ok
test_same_alias_set_reaches_same_state_independent_of_input_order (test_visual_state_prompt_atlas.VisualStatePromptAtlasTests.test_same_alias_set_reaches_same_state_independent_of_input_order) ... ok
test_slash_string_and_list_forms_canonicalize_to_source_order (test_visual_state_prompt_atlas.VisualStatePromptAtlasTests.test_slash_string_and_list_forms_canonicalize_to_source_order) ... ok
test_source_backed_catalog_contains_exact_99_unique_commands (test_visual_state_prompt_atlas.VisualStatePromptAtlasTests.test_source_backed_catalog_contains_exact_99_unique_commands) ... ok
test_style_tension_is_visible_without_becoming_fake_impossibility (test_visual_state_prompt_atlas.VisualStatePromptAtlasTests.test_style_tension_is_visible_without_becoming_fake_impossibility) ... ok
test_unknown_commands_fail_closed (test_visual_state_prompt_atlas.VisualStatePromptAtlasTests.test_unknown_commands_fail_closed) ... ok
test_all_geometry_and_major_variants (test_visual_templates.VisualTemplateTests.test_all_geometry_and_major_variants) ... ok
test_camera_product_preserves_rig_target_lens_and_authority_truth (test_visual_templates.VisualTemplateTests.test_camera_product_preserves_rig_target_lens_and_authority_truth) ... ok
test_camera_source_rig_target_lens_framing_transition_constraint_binding_variant_contracts (test_visual_templates.VisualTemplateTests.test_camera_source_rig_target_lens_framing_transition_constraint_binding_variant_contracts) ... ok
test_catalog_counts_and_products (test_visual_templates.VisualTemplateTests.test_catalog_counts_and_products) ... ok
test_copy_safety_variant_rejection_and_bad_geometry (test_visual_templates.VisualTemplateTests.test_copy_safety_variant_rejection_and_bad_geometry) ... ok
test_exact_sticker_slot_binding_is_retained (test_visual_templates.VisualTemplateTests.test_exact_sticker_slot_binding_is_retained) ... ok
test_existing_product_depth_is_retained (test_visual_templates.VisualTemplateTests.test_existing_product_depth_is_retained) ... ok
test_look_hud_mission_vfx_environment_brand_motion_and_prior_boundaries_remain_present (test_visual_templates.VisualTemplateTests.test_look_hud_mission_vfx_environment_brand_motion_and_prior_boundaries_remain_present) ... ok
test_look_product_preserves_world_source_and_presentation_truth (test_visual_templates.VisualTemplateTests.test_look_product_preserves_world_source_and_presentation_truth) ... ok
test_products_resolve_and_previews_parse (test_visual_templates.VisualTemplateTests.test_products_resolve_and_previews_parse) ... ok
test_registry_installs_all_exact_definitions (test_visual_templates.VisualTemplateTests.test_registry_installs_all_exact_definitions) ... ok
test_actual_iteration_repairs_uvs_and_ranks_quality_then_confirms (test_workflow_discovery.WorkflowDiscoveryTests.test_actual_iteration_repairs_uvs_and_ranks_quality_then_confirms) ... ok
test_budget_cannot_promote_unconfirmed_or_partial_cases (test_workflow_discovery.WorkflowDiscoveryTests.test_budget_cannot_promote_unconfirmed_or_partial_cases) ... ok
test_changed_runtime_pin_invalidates_memory_and_expected_plan_before_writes (test_workflow_discovery.WorkflowDiscoveryTests.test_changed_runtime_pin_invalidates_memory_and_expected_plan_before_writes) ... ok
test_character_probe_executes_decoded_motion_and_missing_contact_metric_fails (test_workflow_discovery.WorkflowDiscoveryTests.test_character_probe_executes_decoded_motion_and_missing_contact_metric_fails) ... ok
test_code_operator_executes_both_languages_and_retains_sources (test_workflow_discovery.WorkflowDiscoveryTests.test_code_operator_executes_both_languages_and_retains_sources) ... ok
test_confirmation_rejects_changed_product_bytes (test_workflow_discovery.WorkflowDiscoveryTests.test_confirmation_rejects_changed_product_bytes) ... ok
test_deterministic_composition_discovers_two_routes_and_keeps_origins (test_workflow_discovery.WorkflowDiscoveryTests.test_deterministic_composition_discovers_two_routes_and_keeps_origins) ... ok
test_execution_errors_are_not_cached_as_deterministic_failures (test_workflow_discovery.WorkflowDiscoveryTests.test_execution_errors_are_not_cached_as_deterministic_failures) ... ok
test_failure_prefix_reuse_stops_duplicate_work_but_not_changed_context (test_workflow_discovery.WorkflowDiscoveryTests.test_failure_prefix_reuse_stops_duplicate_work_but_not_changed_context) ... ok
test_form_recipe_can_discover_a_new_material_and_preview_pipeline (test_workflow_discovery.WorkflowDiscoveryTests.test_form_recipe_can_discover_a_new_material_and_preview_pipeline) ... ok
test_invalid_cycles_nonfinite_inputs_and_unpinned_file_ingress_rejected (test_workflow_discovery.WorkflowDiscoveryTests.test_invalid_cycles_nonfinite_inputs_and_unpinned_file_ingress_rejected) ... ok
test_learning_rebinds_under_a_search_budget_too_small_to_rediscover (test_workflow_discovery.WorkflowDiscoveryTests.test_learning_rebinds_under_a_search_budget_too_small_to_rediscover) ... ok
test_machine_interface_and_output_protection (test_workflow_discovery.WorkflowDiscoveryTests.test_machine_interface_and_output_protection) ... ok
test_memory_is_queryable_through_atlas_and_tampering_is_ignored (test_workflow_discovery.WorkflowDiscoveryTests.test_memory_is_queryable_through_atlas_and_tampering_is_ignored) ... ok
test_missing_observer_units_and_type_fit_hold_without_writes (test_workflow_discovery.WorkflowDiscoveryTests.test_missing_observer_units_and_type_fit_hold_without_writes) ... ok
test_ranking_uses_worst_observed_scenario (test_workflow_discovery.WorkflowDiscoveryTests.test_ranking_uses_worst_observed_scenario) ... ok
test_recolors_and_source_renames_do_not_count_as_new_structures (test_workflow_discovery.WorkflowDiscoveryTests.test_recolors_and_source_renames_do_not_count_as_new_structures) ... ok
test_reused_workflow_rechecks_stricter_goals_and_does_not_inherit_pass (test_workflow_discovery.WorkflowDiscoveryTests.test_reused_workflow_rechecks_stricter_goals_and_does_not_inherit_pass) ... ok
test_stress_failure_blocks_retention_even_when_baseline_passes (test_workflow_discovery.WorkflowDiscoveryTests.test_stress_failure_blocks_retention_even_when_baseline_passes) ... ok
test_cartesian_candidate_growth_is_bounded_before_evaluation (test_workshop_bounded_planner.WorkshopBoundedPlannerTests.test_cartesian_candidate_growth_is_bounded_before_evaluation) ... ok
test_clearance_gate_can_reject_numerically_best_sized_combination (test_workshop_bounded_planner.WorkshopBoundedPlannerTests.test_clearance_gate_can_reject_numerically_best_sized_combination) ... ok
test_machine_and_sticker_cli_preview_same_report (test_workshop_bounded_planner.WorkshopBoundedPlannerTests.test_machine_and_sticker_cli_preview_same_report) ... ok
test_no_passing_candidate_holds_instead_of_promoting_least_bad (test_workshop_bounded_planner.WorkshopBoundedPlannerTests.test_no_passing_candidate_holds_instead_of_promoting_least_bad) ... ok
test_passing_incumbent_wins_equal_evidence_instead_of_churning_versions (test_workshop_bounded_planner.WorkshopBoundedPlannerTests.test_passing_incumbent_wins_equal_evidence_instead_of_churning_versions) ... ok
test_preview_candidate_assemblies_never_pollute_source_registry (test_workshop_bounded_planner.WorkshopBoundedPlannerTests.test_preview_candidate_assemblies_never_pollute_source_registry) ... ok
test_registry_query_selects_measured_best_not_first_available (test_workshop_bounded_planner.WorkshopBoundedPlannerTests.test_registry_query_selects_measured_best_not_first_available) ... ok
test_retention_uses_prewrite_resolved_query_even_when_winner_matches_same_query (test_workshop_bounded_planner.WorkshopBoundedPlannerTests.test_retention_uses_prewrite_resolved_query_even_when_winner_matches_same_query) ... ok
test_strictly_better_passing_candidate_replaces_worse_passing_incumbent (test_workshop_bounded_planner.WorkshopBoundedPlannerTests.test_strictly_better_passing_candidate_replaces_worse_passing_incumbent) ... ok
test_retained_assembly_matching_same_query_cannot_change_pinned_candidate_universe (test_workshop_bounded_planner_query_freeze.WorkshopBoundedPlannerQueryFreezeTests.test_retained_assembly_matching_same_query_cannot_change_pinned_candidate_universe) ... ok
test_cost_surfaces_are_reported (test_workshop_game_readiness_gate_source.WorkshopGameReadinessGateSourceTests.test_cost_surfaces_are_reported) ... ok
test_game_ready_nonclaim_remains_in_source (test_workshop_game_readiness_gate_source.WorkshopGameReadinessGateSourceTests.test_game_ready_nonclaim_remains_in_source) ... ok
test_required_unproven_gates_stay_explicit (test_workshop_game_readiness_gate_source.WorkshopGameReadinessGateSourceTests.test_required_unproven_gates_stay_explicit) ... ok
test_verifier_source_parses_and_defines_gate_builder (test_workshop_game_readiness_gate_source.WorkshopGameReadinessGateSourceTests.test_verifier_source_parses_and_defines_gate_builder) ... ok
test_execution_hand_requires_and_publishes_lod_stage (test_workshop_lod_ladder_source.WorkshopLodLadderSourceTests.test_execution_hand_requires_and_publishes_lod_stage) ... ok
test_runtime_ladder_artifacts_are_explicit (test_workshop_lod_ladder_source.WorkshopLodLadderSourceTests.test_runtime_ladder_artifacts_are_explicit) ... ok
test_sources_parse (test_workshop_lod_ladder_source.WorkshopLodLadderSourceTests.test_sources_parse) ... ok
test_target_bands_match_current_rts_policy (test_workshop_lod_ladder_source.WorkshopLodLadderSourceTests.test_target_bands_match_current_rts_policy) ... ok
test_visual_and_target_acceptance_stay_separate (test_workshop_lod_ladder_source.WorkshopLodLadderSourceTests.test_visual_and_target_acceptance_stay_separate) ... ok
test_anchor_names_remain_semantically_distinct_in_source (test_workshop_personality_anchors.WorkshopPersonalityAnchorTests.test_anchor_names_remain_semantically_distinct_in_source) ... ok
test_source_parses_and_exposes_large_anchor_helpers (test_workshop_personality_anchors.WorkshopPersonalityAnchorTests.test_source_parses_and_exposes_large_anchor_helpers) ... ok
test_workshop_life_calls_all_three_large_anchors (test_workshop_personality_anchors.WorkshopPersonalityAnchorTests.test_workshop_life_calls_all_three_large_anchors) ... ok

======================================================================
FAIL: test_candidate_can_be_tested_and_build_debris_is_cleaned (test_machine.MachineTests.test_candidate_can_be_tested_and_build_debris_is_cleaned)
----------------------------------------------------------------------
Traceback (most recent call last):
  File "/workspace/scratch/7356affac651/neural-growth/repos/axm-uc-neural/tests/test_machine.py", line 44, in test_candidate_can_be_tested_and_build_debris_is_cleaned
    self.assertFalse((ROOT / ".axm-build").exists())
AssertionError: True is not false

----------------------------------------------------------------------
Ran 1310 tests in 552.211s

FAILED (failures=1, skipped=5)

{
  "bounds": {
    "max": [
      1.2,
      1.0,
      2.0
    ],
    "min": [
      -1.2,
      0.0,
      -2.0
    ]
  },
  "clip": null,
  "contact_shadow_pixels": 320,
  "elevation": 0.38,
  "height": 96,
  "light_count": 4,
  "lighting": "studio",
  "loop": false,
  "png_sha256": "603c1b64bc378a9a3fbae0a0dfe5aa71eceefa2b2b98cbb5fef8f875a503ada5",
  "raster_visits": 8678,
  "schema": "axm.software-glb-preview/v0.1",
  "source_sha256": "1f2904220d5e08dcb78a12b3510b5a4300405fe7559f2c5c4d1299f52d2a9dcf",
  "supersample": 1,
  "texture_shaded_pixels": 0,
  "textured_triangles": 0,
  "time_s": 0.0,
  "triangles": 12,
  "truth": "Observes decoded geometry, material factors, vertex colours, supported core embedded textures and one sampled pose. Textured surfaces use triangle-derived tangent frames and approximate direct metal/rough shading. It does not prove PBR/MikkTSpace parity, reflections, transparency, target-engine import, continuous animation, artistic quality or performance.",
  "visible_triangles": 6,
  "width": 128,
  "yaw": 0.72
}
